No,Date,Crossroads,Road,Car_7-9,Van_7-9,Bus_7-9,Minibus_7-9,Truck_7-9,3Cycle_7-9,Car_9-17,Van_9-17,Bus_9-17,Minibus_9-17,Truck_9-17,3Cycle_9-17,Car_17-19,Van_17-19,Bus_17-19,Minibus_17-19,Truck_17-19,3Cycle_17-19,Total_Vol,Lat,Long
1, 2023-04-03,หทัยมิตร - นิมิตรใหม่ ,นิมิตรใหม่ ,3329,1761,3,2,742,3,9622,7306,16,0,4186,18,2993,1946,12,2,641,1,32583,13.859775,100.73188
2, 2023-04-03,หทัยมิตร - นิมิตรใหม่ ,หทัยมิตร ,927,492,0,2,43,0,2341,1578,0,1,549,1,734,458,1,1,47,0,7175,13.859775,100.73188
3, 2023-04-03,ระหว่างซอยนิมิตรใหม่ 33 - 35,นิมิตรใหม่ ,1955,1950,1,0,489,0,6826,6072,6,0,3743,0,2011,1479,1,0,425,1,24959,13.885933,100.731701
4, 2023-04-04,พงษ์เพชร,ประชาชื่น,3622,822,57,0,15,0,14862,4555,236,0,246,12,5169,1029,33,0,30,3,30691,13.856209,100.545104
5, 2023-04-04,พงษ์เพชร,งามวงศ์วาน,15368,4514,160,2,236,15,50346,20010,492,14,2035,59,11157,4296,108,3,146,6,108967,13.856209,100.545104
6, 2023-04-05,ลำสาลี,ศรีนครินทร์,2010,742,219,18,12,13,7671,3555,734,107,97,21,2063,735,147,13,27,1,18185,13.762717,100.645628
7, 2023-04-05,ลำสาลี,รามคำแหง,9014,2684,103,8,92,24,31106,10867,492,50,657,100,8608,2725,147,16,53,15,66761,13.762717,100.645628
8, 2023-04-07,สี่แยกลาดหญ้า,ท่าดินแดง,734,236,40,7,8,126,2832,935,135,37,76,303,864,236,44,15,19,79,6726,13.728713,100.500985
9, 2023-04-07,สี่แยกลาดหญ้า,อิสรภาพ,568,137,11,0,5,83,2681,633,35,0,67,361,737,178,6,0,11,89,5602,13.728713,100.500985
10, 2023-04-10,นิคมอุตสาหกรรมลาดกระบัง,ฉลองกรุง,4222,2358,54,4,375,1,11817,8947,138,5,2641,10,3804,2255,74,1,366,1,37073,13.755756,100.79797
11, 2023-04-10,นิคมอุตสาหกรรมลาดกระบัง,ฉลองกรุง 31,582,701,16,0,253,0,2148,2772,26,0,1621,0,875,476,21,0,176,0,9667,13.755756,100.79797
12, 2023-04-10,นิคมอุตสาหกรรมลาดกระบัง,ซอยส่วนบุคคล,8,10,0,0,0,1,32,45,0,0,0,1,8,18,0,0,1,0,124,13.755756,100.79797
13, 2023-04-11,จุดกลับรถปากซอยอ่อนนุช 59,อ่อนนุช 59,36,21,0,0,0,0,216,103,0,0,25,6,52,14,0,0,4,2,479,13.719639,100.674242
14, 2023-04-11,จุดกลับรถปากซอยอ่อนนุช 59,อ่อนนุช,2779,1126,31,8,32,11,15525,7397,159,41,722,58,5485,2016,61,11,90,17,35569,13.719639,100.674242
15, 2023-04-11,ปากซอยอ่อนนุช 74/3,อ่อนนุช 74/3,27,18,0,0,0,0,41,27,0,0,0,1,11,9,0,0,0,0,134,13.718038,100.664381
16, 2023-04-11,ปากซอยอ่อนนุช 74/3,อ่อนนุช,4984,1929,84,10,125,25,18121,8075,278,38,826,55,5152,2080,58,10,82,15,41947,13.718038,100.664381
17, 2023-04-12,เทวกรรม,นครสวรรค์,3265,742,4,0,11,39,10600,3196,24,0,91,256,2527,640,9,0,13,46,21463,13.760085,100.512691
18, 2023-04-12,เทวกรรม,กรุงเกษม,1587,325,34,1,8,81,6539,1502,78,1,67,571,1313,423,25,0,4,102,12661,13.760085,100.512691
19, 2023-04-18,พัฒนาการ,ศรีนครินทร์,7029,2802,88,1,152,7,25692,11823,420,0,1075,26,6303,2316,144,0,111,3,57992,13.735596,100.641007
20, 2023-04-18,พัฒนาการ,พัฒนาการ,5466,1812,60,0,61,16,21214,8216,217,1,604,41,5603,1776,37,0,67,8,45199,13.735596,100.641007
21, 2023-04-19,สีลม - นราธิวาส,นราธิวาสราชนครินทร์,3347,637,1,0,19,28,11679,3104,6,0,99,165,3025,549,2,0,14,55,22730,13.72631,100.528064
22, 2023-04-19,สีลม - นราธิวาส,สีลม,2992,770,138,12,13,60,11493,2847,499,53,96,495,3323,666,127,12,9,93,23698,13.72631,100.528064
23, 2023-04-20,ศิริราช,อรุณอมรินทร์,1672,294,29,0,2,55,4592,1141,99,0,24,199,1768,478,43,0,2,59,10457,13.756068,100.483463
24, 2023-04-20,ศิริราช,พรานนก,1461,247,21,0,4,177,5234,1100,69,0,26,811,1077,244,17,0,2,152,10642,13.756068,100.483463
25, 2023-04-21,สะพานเหลือง,ซอยสว่าง 1- ทางด่วน- ซอยพระยาดำรง,11,7,0,0,0,0,104,75,0,0,8,4,33,32,0,0,4,2,280,13.735728,100.5216
26, 2023-04-21,สะพานเหลือง,บรรทัดทอง,665,252,19,0,8,18,3472,1591,77,0,73,54,1260,393,21,1,12,15,7931,13.735728,100.5216
27, 2023-04-21,สะพานเหลือง,พระรามที่ 4,6763,1726,167,4,69,107,26720,8546,645,8,394,394,7278,1900,142,1,35,115,55014,13.735728,100.5216
28, 2023-04-24,บางโพ,ประชาราษฎร์สาย 1,4608,791,102,0,44,33,10119,3284,414,0,202,96,2171,705,77,0,24,20,22690,13.806362,100.521595
29, 2023-04-24,บางโพ,ประชาราษฎร์สาย 2,1101,210,18,0,7,14,3782,995,76,0,52,46,958,277,17,0,3,13,7569,13.806362,100.521595
30, 2023-04-25,มิตรสัมพันธ์,มักกะสัน,1508,370,4,0,11,20,5501,1626,18,1,92,134,1516,405,7,0,14,39,11266,13.750023,100.554479
31, 2023-04-25,มิตรสัมพันธ์,เพชรบุรี,6641,1633,156,0,69,50,23125,6523,640,3,364,539,5390,1266,122,0,48,162,46731,13.750023,100.554479
32, 2023-04-26,จันทน์ - เจริญราษฎร์,เจริญราษฎร์,5267,1222,17,0,35,21,18411,7026,88,1,459,180,5822,1647,21,0,54,30,40301,13.707885,100.518636
33, 2023-04-26,จันทน์ - เจริญราษฎร์,จันทน์,1953,711,15,0,36,77,7562,3110,78,0,242,358,2087,629,16,0,56,64,16994,13.707885,100.518636
34, 2023-04-27,ณ ระนอง,ณ ระนอง,592,191,0,0,12,17,1212,740,1,1,656,40,300,97,0,0,83,4,3946,13.717561,100.558105
35, 2023-04-27,ณ ระนอง,พระรามที่ 3,3167,1019,49,0,167,47,11400,5147,202,0,1397,154,2942,1196,40,0,296,41,27264,13.717561,100.558105
36, 2023-04-27,ณ ระนอง,สุนทรโกษา,2829,1122,198,0,100,50,9062,4179,556,6,775,204,2628,976,124,2,87,27,22925,13.717561,100.558105
37, 2023-04-27,ณ ระนอง,รัชดาภิเษก,991,317,64,0,13,93,3353,1392,103,0,86,204,952,321,9,0,19,28,7945,13.717561,100.558105
1,8/3/2023,พระราม 3 - รัชดา,รัชดาภิเษก,2662,686,25,0,74,15,9977,3272,83,1,393,54,2169,616,24,0,46,13,20110,13.68583819,100.52036
2,8/3/2023,พระราม 3 - รัชดา,พระรามที่ 3,13759,3627,89,1,193,59,31435,14343,272,0,1969,126,7517,2630,97,0,112,30,76259,13.68583819,100.52036
3,8/4/2023,เศรษฐศิริ,เศรษฐศิริ,1574,310,13,0,5,34,3888,1400,9,0,46,74,1161,309,8,0,4,10,8845,13.78160303,100.5305589
4,8/4/2023,เศรษฐศิริ,เทอดดำริ,2743,453,11,0,13,19,6692,1757,24,0,59,64,1489,616,5,0,10,6,13961,13.78160303,100.5305589
5,8/7/2023,ลาดพร้าว- ประดิษฐ์มนูธรรม,ประดิษฐ์มนูธรรม,9402,1972,10,0,104,21,38235,10666,96,0,1208,71,9046,1878,18,0,106,16,72849,13.78643893,100.6087706
6,8/7/2023,ลาดพร้าว- ประดิษฐ์มนูธรรม,ลาดพร้าว,5044,1287,222,0,28,5,19158,6680,764,2,218,17,4878,1748,201,1,6,2,40261,13.78643893,100.6087706
7,8/7/2023,หน้าเซ็นทรัลอีสวิลล์,ประดิษฐ์มนูธรรม,9402,1972,10,0,104,21,38235,10666,96,0,1208,71,9046,1878,18,0,106,16,72849,13.8024297,100.6157226
8,8/8/2023,จรัญสนิทวงศ์ 35,จรัญสนิทวงศ์,4660,1049,77,19,69,67,17406,6186,458,45,615,260,4572,1950,159,17,66,97,37772,13.75946307,100.4699538
9,8/8/2023,จรัญสนิทวงศ์ 35,จรัญสนิทวงศ์ 35,317,84,0,0,2,3,918,282,0,0,30,15,196,95,0,0,1,3,1946,13.75946307,100.4699538
10,8/8/2023,ทางข้ามระหว่างซอยจรัญสนิทวงศ์ 44 - 46,จรัญสนิทวงศ์,4872,846,76,10,24,121,23896,5846,384,25,380,356,5857,1272,82,9,19,98,44173,13.77884401,100.4866334
11,8/8/2023,ปากซอยคริสจักร,จรัญสนิทวงศ์,2429,480,135,2,22,123,7950,1746,535,4,103,342,2042,501,150,1,11,165,16741,13.73085889,100.4733094
12,8/9/2023,ปากซอยศาลาธรรมสพน์ 26,ศาลาธรรมสพน์,1779,633,14,0,23,0,4662,2848,66,0,272,7,1289,790,21,0,36,1,12441,13.79778474,100.3712521
13,8/9/2023,พุทธมณฑลสาย 3 - อุทยาน,พุทธมณฑลสาย 3,6548,2227,16,0,247,7,14438,12473,54,0,3178,29,3293,2315,10,1,403,3,45242,13.778492,100.363769
14,8/9/2023,พุทธมณฑลสาย 3 - อุทยาน,อุทยาน,3311,1020,4,0,42,2,5480,3537,9,0,338,7,1153.96,595,1,0,14,2,15515.96,13.778492,100.363769
15,8/10/2023,หน้าตลาดพุทธบูชา 95,พุทธบูชา,1562,582,2,0,22,4,4143,2414,2,0,198,17,1261,541,1,0,16,6,10771,13.67222645,100.4728231
16,8/10/2023,ทางข้ามระหว่างซอยพุทธบูชา 22 -22/1,พุทธบูชา,1533,433,4,0,9,4,5801,2116,4,0,171,15,1453,406,0,0,23,6,11978,13.66422235,100.4701612
17,8/10/2023,ปากทางเข้าแฟลตทหารเรือ,สุขสวัสดิ์ 26,628,256,0,0,5,3,1794,1032,0,0,47,8,372,182,0,0,9,6,4342,13.67301008,100.4853409
18,8/11/2023,วงเวียนใหญ่,สมเด็จพระเจ้าตากสิน,2244,825,90,39,53,180,12354,4412,409,168,298,512,3443,1294,110,44,46,123,26644,13.72635063,100.4930785
19,8/11/2023,วงเวียนใหญ่,ประชาธิปก,3431,857,94,35,9,176,14126,4688,470,135,121,556,3836,1413,120,24,64,124,30279,13.72635063,100.4930785
20,8/11/2023,วงเวียนใหญ่,อินทรพิทักษ์,5864,960,137,15,32,160,12162,3339,549,60,183,630,2992,692,129,16,17,134,28071,13.72635063,100.4930785
21,8/11/2023,วงเวียนใหญ่,ลาดหญ้า,1857,329,102,7,23,266,6324,1990,305,11,81,812,1423,338,70,1,2,167,14108,13.72635063,100.4930785
22,8/15/2023,ปากซอยลาดหญ้า 10,ลาดหญ้า,1606,326,91,0,8,261,5110,1536,333,0,29,600,1195,368,89,0,5,157,11714,13.72803703,100.5004269
23,8/15/2023,หน้าสถาบันสุขภาพเด็กฯ,ราชวิถี,4891,788,211,38,12,39,20401,3920,904,92,227,193,3894,926,277,21,41,53,36928,13.76616502,100.5353932
24,8/15/2023,หน้าห้างเซ็นจูรี่,รางน้ำ,846,212,3,0,6,18,2989,745,10,0,15,102,599,118,3,0,4,8,5678,13.76126692,100.536849
25,8/15/2023,หน้า ททบ.5,พหลโยธิน,4352,537,161,50,35,51,15782,3987,753,155,267,45,3832,851,170,30,29,9,31096,13.77092864,100.5415547
26,8/16/2023,เอกมัยใต้,ทางเข้าขนส่งเอกมัย,30,19,11,9,0,1,331,160,91,57,3,15,26,47,28,17,1,3,849,13.72005,100.584417
27,8/16/2023,เอกมัยใต้,สุขุมวิท 63,1466,449,6,1,5,10,4983,1689,42,4,35,46,1505,498,14,1,9,7,10770,13.72005,100.584417
28,8/16/2023,เอกมัยใต้,สุขุมวิท,3842,1240,148,19,17,17,12746,5294,503,71,193,113,3085,1265,149,18,49,26,28795,13.72005,100.584417
29,8/17/2023,เพชรเกษม 81,เพชรเกษม 81,1109,237,29,0,22,8,3493,1196,108,0,248,16,871,293,24,0,29,4,7687,13.70548556,100.3432709
30,8/17/2023,เพชรเกษม 81,เพชรเกษม,5744,2888,182,1,371,10,23463,15586,830,6,3462,48,6432,4094,269,1,598,13,63998,13.70548556,100.3432709
31,8/17/2023,หน้าโรงเรียนสารสาสน์ฯ,เพชรเกษม 81(มาเจริญ),872,722,7,2,17,7,3459,3474,23,0,535,19,924,837,5,0,49,9,10961,13.67192726,100.3471042
32,8/18/2023,ยมราช,หลานหลวง,25,42,66,0,3,3,114,141,276,0,16,12,49,25,53,0,2,1,828,13.75735456,100.5205655
33,8/18/2023,ยมราช,พิษณุโลก,6154,1092,53,0,39,172,20831,5408,276,0,378,405,5900,1326,103,0,25,77,42239,13.75735456,100.5205655
34,8/18/2023,ยมราช,สวรรคโลก,1937,385,63,0,9,36,6722,1962,204,1,68,126,1374,299,52,0,7,21,13266,13.75735456,100.5205655
35,8/18/2023,ยมราช,เพชรบุรี,4622,1030,118,1,15,109,15346,5066,512,2,288,309,2700,1012,130,1,53,68,31382,13.75735456,100.5205655
36,8/21/2023,เลียบทางรถไฟสายใต้ - เอราวัณ ปาร์คอเวนิว,เอราวัณ ปาร์ค อเวนิว,415,81,0,0,4,8,760,275,0,0,20,18,173,74,0,0,2,3,1833,13.77284651,100.4602136
37,8/21/2023,เลียบทางรถไฟสายใต้ - เอราวัณ ปาร์คอเวนิว,เลียบทางรถไฟสายใต้,1353,267,2,0,9,11,3826,1087,0,0,60,42,1405,351,4,1,14,3,8435,13.77284651,100.4602136
38,8/22/2023,ปากซอยรามคำแหง 23,รามคำแหง,3630,1290,204,19,20,2,13260,4670,696,65,147,17,3142,841,177,19,13,6,28218,13.75413517,100.6121463
39,8/22/2023,รามคำแหง 24,รามคำแหง 24,706,191,4,2,9,7,2630,721,29,7,50,30,511,109,6,2,4,7,5025,13.755386,100.613542
40,8/22/2023,รามคำแหง 24,รามคำแหง,3706,1200,193,18,16,7,10875,3975,697,63,142,41,2619,809,179,18,18,6,24582,13.755386,100.613543
41,8/23/2023,สุขุมวิท - สุขุมวิท 71,สุขุมวิท 71,1325,354,22,6,31,23,4093,1675,169,27,377,77,862,394,27,2,34,9,9507,13.71317107,100.5941197
42,8/23/2023,สุขุมวิท - สุขุมวิท 71,สุขุมวิท,6206,1690,180,29,134,90,23752,8415,867,166,1334,402,6165,2169,204,32,104,85,52024,13.71317107,100.5941197
43,8/23/2023,พระโขนง,พระรามที่ 4,528,196,31,0,19,3,2016,1334,160,1,179,14,354,197,22,0,7,2,5063,13.71429297,100.5925336
44,8/23/2023,พระโขนง,สุขุมวิท,6567,1797,201,46,104,78,22718,8443,817,168,1452,347,5128,1654,206,32,167,69,49994,13.71429297,100.5925336
45,8/24/2023,ด่วนเพลินจิต,ดวงพิทักษ์,788,124,0,0,4,1,2232,691,0,0,6,9,402,81,0,0,2,3,4343,13.74277879,100.550544
46,8/24/2023,ด่วนเพลินจิต,ทางขึ้นลงทางด่วน,3131,504,1,0,7,0,7412,1847,12,0,15,0,1184,272,2,0,1,0,14388,13.74277879,100.550544
47,8/24/2023,ด่วนเพลินจิต,เพลินจิต,406,162,17,3,2,1,2005,696,94,25,29,97,322,200,32,5,7,20,4123,13.74277879,100.550544
48,8/24/2023,ด่วนเพลินจิต,สุขุมวิท,7212,1198,48,6,40,25,18062,3429,242,22,100,100,4205,719,54,7,5,18,35492,13.74277879,100.550544
49,8/25/2023,เพชรพระราม ,บรรทัดทอง,947,179,15,0,9,67,2980,762,43,0,41,408,588,200,12,0,7,66,6324,13.754972,100.526886
50,8/25/2023,เพชรพระราม ,เพชรบุรี,6756,1277,129,5,9,165,20930,5698,527,17,155,806,4213,1216,139,5,20,136,42203,13.754972,100.526887
51,8/28/2023,บางขุนนนท์,จรัญสนิทวงศ์,4508,998,140,8,44,88,16756,5028,552,22,266,399,3937,1217,144,2,29,122,34260,13.763886,100.473897
52,8/28/2023,บางขุนนนท์,บางกอกน้อยตลิ่งชัน,1509,434,31,0,12,29,4898,1963,103,0,87,90,1204,476,23,0,12,25,10896,13.763886,100.473898
53,8/28/2023,บางขุนนนท์,จรัญสนิทวงศ์ 32,78,41,0,0,2,2,282,136,0,0,6,9,59,38,0,0,1,0,654,13.763886,100.473899
54,8/29/2023,สาทร - นราธิวาสฯ,นราธิวาสราชนครินทร์,4353,1026,50,7,24,36,15879,4755,196,40,118,121,4801,1466,63,7,13,42,32997,13.721847,100.530147
55,8/29/2023,สาทร - นราธิวาสฯ,สาทร,8463,1349,32,5,33,24,25683,6502,167,18,304,259,6052,1360,39,6,22,53,50371,13.721847,100.530148
56,8/30/2023,บางแค,บางแค,534,194,1,0,10,11,2469,1255,2,0,21,32,581,259,1,0,1,6,5377,13.711753,100.420836
57,8/30/2023,บางแค,เพชรเกษม,6765,1995,238,0,72,246,23346,9701,1062,2,586,548,6579,2994,244,3,119,188,54688,13.711753,100.420837
58,8/31/2023,เลียบคลองภาษีเจริญฝั่งใต้ - เพชรเกษม 69,เพชรเกษม 69,1160,633,19,1,92,7,3894,2467,61,0,300,18,912,529,18,0,57,3,10171,13.68878157,100.3820787
59,8/31/2023,เลียบคลองภาษีเจริญฝั่งใต้ - เพชรเกษม 69,เลียบคลองภาษีเจริญฝั่งใต้,450,199,0,0,10,1,1517,1011,0,0,128,7,416,229,0,0,5,2,3975,13.68878157,100.3820787
60,8/31/2023,เลียบคลองภาษีเจริญฝั่งใต้ - เพชรเกษม 69,สวนจำปี,9,22,0,0,5,0,57,56,0,0,28,1,25,15,0,0,4,0,222,13.68878157,100.3820787
1,12/1/2023,สะพานขาว,กรุงเกษม,1592,355,39,3,26,133,8761,2765,178,3,164,885,2173,628,47,0,18,128,17898,13.756629,100.51609
2,12/1/2023,สะพานขาว,หลานหลวง,3989,894,178,3,24,208,13867,4051,803,7,172,627,2510,671,194,0,29,141,28368,13.756629,100.51609
3,12/4/2023,ศรีบูรพา - อาคารสงเคราะห์,ศรีบูรพา,1839,700,73,0,32,8,5826,2764,255,1,139,27,1916,741,67,0,15,7,14410,13.78043143,100.650487
4,12/4/2023,ศรีบูรพา - อาคารสงเคราะห์,อาคารสงเคราะห์,216,97,1,0,4,2,1044,358,1,0,7,8,291,39,0,0,1,1,2070,13.78043143,100.650487
5,12/6/2023,เลียบคลองภาษีเจริญฝั่งเหนือ - เพชรเกษม 81,เพชรเกษม 81,1866,833,35,2,69,25,6537,4140,170,6,453,97,1951,1018,61,2,56,24,17345,13.68112101,100.3445238
6,12/6/2023,เลียบคลองภาษีเจริญฝั่งเหนือ - เพชรเกษม 81,เลียบคลองภาษีเจริญฝั่งเหนือ,1390,602,9,0,61,10,3415,2254,29,0,379,36,1248,528,6,0,32,3,10002,13.68112101,100.3445238
7,12/6/2023,หน้าบริษัทกราเวีย อาร์ต เซ็นเตอร์,เลียบคลองภาษีเจริญฝั่งเหนือ,1363,534,7,1,58,1,3557,2425,17,0,442,5,869,527,3,0,43,0,9852,13.69106,100.373989
8,12/7/2023,เกษมราษฎร์,เกษมราษฎร์,1006,298,4,0,10,14,3339,1145,19,1,59,32,1146,255,5,0,7,15,7355,13.718968,100.567186
9,12/7/2023,เกษมราษฎร์,พระรามที่ 4,5360,1180,93,0,84,73,15082,4723,381,6,417,204,4671,1208,78,0,38,46,33644,13.718968,100.567186
10,12/8/2023,บางเขน(2),กำแพงเพชร 6,1868,487,7,2,21,3,7329,2331,23,3,162,30,2014,482,13,2,30,2,14809,13.84791227,100.5608429
11,12/8/2023,บางเขน(2),งามวงศ์วาน,3684,988,83,2,22,5,12992,4595,289,7,539,19,2905,904,69,0,38,5,27146,13.84791227,100.5608429
12,12/12/2023,อ่อนนุช 46,อ่อนนุช 46,492,143,0,0,12,0,1826,847,0,0,44,10,571,234,0,0,5,5,4189,13.71067185,100.6343334
13,12/12/2023,อ่อนนุช 46,อ่อนนุช,2939,1312,14,0,71,3,10765,5835,74,0,524,25,2642,1063,19,0,45,7,25338,13.71067185,100.6343334
14,12/13/2023,สุขาภิบาล 5 - จตุโชติ,สุขาภิบาล 5,3787,1171,1,2,96,1,12030,5402,27,7,594,15,3473,1550,6,1,129,4,28296,13.89819333,100.6618999
15,12/13/2023,สุขาภิบาล 5 - จตุโชติ,จตุโชติ,1061,369,1,0,15,0,3929,2149,2,0,227,0,965,549,1,0,45,1,9314,13.89819333,100.6618999
16,12/13/2023,สุขาภิบาล 5 - เพิ่มสิน,สุขาภิบาล 5,3231,912,4,3,74,4,11212,4769,30,8,602,17,3234,1320,6,2,121,4,25553,13.90132959,100.6652624
17,12/13/2023,สุขาภิบาล 5 - เพิ่มสิน,เพิ่มสิน,913,317,4,2,5,1,2581,1169,19,9,44,6,844,274,7,2,7,1,6205,13.90132959,100.6652624
18,12/14/2023,ปากซอยคุ้มเกล้า 3,คุ้มเกล้า,2099,1078,6,0,119,0,5130,3390,3,0,609,0,1156,716,1,0,136,0,14443,13.80039776,100.7844725
19,12/14/2023,นิคมอุตสาหกรรมลาดกระบัง,ฉลองกรุง,4840,2450,81,6,785,3,12220,10432,200,14,4205,9,3794,2566,71,1,586,1,42264,13.75577507,100.7979285
20,12/14/2023,นิคมอุตสาหกรรมลาดกระบัง,ฉลองกรุง 31,550,703,30,0,261,0,2111,2070,59,0,1800,2,665,754,150,0,185,0,9340,13.75577507,100.7979285
21,12/14/2023,นิคมอุตสาหกรรมลาดกระบัง,ส่วนบุคคล,13,11,0,0,1,0,64,54,0,0,3,0,15,16,0,0,1,0,178,13.75577507,100.7979285
22,12/15/2023,ปากซอยประชาอุทิศ 54,ประชาอุทิศ,1669,614,26,0,6,205,8094,2836,128,0,40,635,2186,711,31,0,9,142,17332,13.64368321,100.499045
23,12/15/2023,นาหลวง,หมู่บ้านสินทวี,70,13,0,0,0,0,120,71,0,0,0,0,20,22,0,0,0,0,316,13.6472263,100.4957044
24,12/15/2023,นาหลวง,ประชาอุทิศ (SB),1246,604,25,0,29,73,5227,2117,150,0,140,206,1602,637,39,0,19,53,12167,13.6472263,100.4957044
25,12/15/2023,นาหลวง,พุทธบูชา,855,274,5,0,6,47,3303,1452,42,0,110,215,941,508,15,0,15,95,7883,13.6472263,100.4957044
26,12/15/2023,นาหลวง,ประชาอุทิศ (WB),904,301,15,0,10,112,3923,1549,50,0,114,337,929,297,12,0,7,92,8652,13.6472263,100.4957044
27,12/18/2023,สายไหม 39,สายไหม 39,518,110,0,0,2,0,1162,501,0,0,5,1,297,161,0,0,1,0,2758,13.92132871,100.6568749
28,12/18/2023,สายไหม 39,สายไหม,3259,1018,14,3,38,1,10621,3955,42,21,348,19,2966,1168,9,9,30,5,23526,13.92132871,100.6568749
29,12/19/2023,บางบอน 3 ซอย 5,บางบอน 3,2049,614,10,0,60,8,4651,2574,35,0,246,11,1281,634,11,0,38,4,12226,13.66774812,100.3849505
30,12/19/2023,บางบอน 3 ซอย 5,บางบอน 3 ซอย 5,841,367,1,0,23,1,2334,1362,2,0,171,5,611,268,1,0,14,1,6002,13.66774812,100.3849505
31,12/19/2023,บางบอน 3 ซอย 5,บางบอน 3 ซอย 10,3,3,0,0,0,0,9,7,0,0,0,0,5,7,0,0,0,0,34,13.66774812,100.3849505
32,12/20/2023,นอร์ธปาร์ค,กำแพงเพชร 6,3024,608,13,4,28,4,7632,2483,42,2,79,17,1775,543,3,0,26,1,16284,13.866681,100.570994
33,12/20/2023,นอร์ธปาร์ค,ชิดชน,2565,647,0,1,11,1,6395,2220,0,1,274,2,1456,364,0,1,61,0,13999,13.866681,100.570994
34,12/21/2023,ทองหล่อ 10,ทองหล่อ,2146,730,2,27,28,40,10110,3813,27,108,129,116,2642,865,4,17,15,36,20855,13.73248574,100.5822076
35,12/21/2023,ทองหล่อ 10,ทองหล่อ 11,35,18,0,0,0,0,256,106,0,0,1,1,46,29,0,0,0,0,492,13.73248574,100.5822076
36,12/21/2023,ทองหล่อ 10,ทองหล่อ 10,988,288,0,0,11,48,4933,1827,3,4,44,57,553,470,0,0,4,7,9237,13.73248574,100.5822076
37,12/22/2023,ยุคล 2,ยุคล 2,488,142,9,0,3,27,1452,512,31,0,6,92,484,185,9,0,2,31,3473,13.75070957,100.5120435
38,12/22/2023,ยุคล 2,บำรุงเมือง,3981,547,63,0,16,114,12404,3834,148,1,141,971,2818,893,42,1,27,234,26235,13.75070957,100.5120435
39,12/22/2023,อนามัย,พลับพลาไชย,716,135,9,1,5,144,2222,953,29,3,25,684,451,173,6,0,4,153,5713,13.74989222,100.5144904
40,12/22/2023,อนามัย,บำรุงเมือง,3480,938,46,3,18,38,10811,4371,178,12,115,514,2775,1323,38,2,7,160,24829,13.74989222,100.5144904
41,12/25/2023,เพลินจิต,วิทยุ,1578,388,40,0,42,15,6273,2356,99,0,298,69,1310,492,16,1,23,12,13012,13.743342,100.547547
42,12/25/2023,เพลินจิต,เพลินจิต,4749,1141,114,5,12,48,20879,6454,397,15,263,1087,4739,1379,91,3,25,219,41620,13.743342,100.547547
43,12/25/2023,หน้าสถานเอกอัครราชทูตอเมริกา,วิทยุ,3093,700,45,0,14,30,14337,3695,228,1,185,438,3287,808,41,0,15,121,27038,13.73561528,100.546206
44,12/26/2023,ห้วยขวาง,รัชดาภิเษก,10053,1838,140,0,43,21,35512,10320,445,0,844,121,9701,3060,128,0,208,39,72473,13.778498,100.5736418
45,12/26/2023,ห้วยขวาง,ประชาราษฎร์บำเพ็ญ,1674,468,41,7,43,93,6846,2260,183,10,173,212,1608,682,35,2,27,45,14409,13.778498,100.5736418
1,2/1/2023,ราชเทวี,พญาไท,7578,1372,133,3,43,173,25973,6653,573,15,257,1193,6382,1431,160,2,52,255,52248,13.75324736,100.5317961
2,2/1/2023,ราชเทวี,เพชรบุรี,6648,1438,123,9,31,201,23122,6479,713,21,238,1815,5929,1332,191,3,50,512,48855,13.75324736,100.5317961
3,2/2/2023,บางพลัด,จรัญสนิทวงศ์,7592,1276,109,5,33,173,29010,7841,399,15,438,530,7076,1873,98,3,63,152,56686,13.78461499,100.4945292
4,2/2/2023,บางพลัด,สิรินธร,3454,809,50,3,48,33,10715,3152,179,9,442,59,1977,736,30,4,37,9,21746,13.78461499,100.4945292
5,2/2/2023,บางพลัด,ราชวิถี,947,238,46,0,19,9,4014,1310,170,0,61,24,989,366,49,0,6,4,8252,13.78461499,100.4945292
6,2/6/2023,ประชานิเวศน์,ประชาชื่น,2796,676,18,0,25,14,9210,2880,74,1,187,39,2557,665,13,0,23,9,19187,13.8398598,100.5412532
7,2/6/2023,ประชานิเวศน์,เทศบาลสงเคราะห์,1235,251,10,0,5,1,4263,1057,33,0,75,6,1660,249,3,0,4,0,8852,13.8398598,100.5412532
8,2/6/2023,ปากซอยประชาชื่น 37,ประชาชื่น,2409,420,33,3,9,4,10837,2697,62,2,120,19,2665,722,11,1,22,11,20047,13.84083295,100.5414075
9,2/6/2023,ปากซอยประชาชื่น 37,ประชาชื่น 37,189,71,0,0,1,0,551,182,0,0,12,4,140,30,0,0,3,1,1184,13.84083295,100.5414075
10,2/7/2023,พัฒนาการ - พัฒนาการ 25,พัฒนาการ 25,2323,758,3,0,18,2,7285,2775,24,0,109,14,2267,881,18,0,22,5,16504,13.73650455,100.6163628
11,2/7/2023,พัฒนาการ - พัฒนาการ 25,พัฒนาการ,8558,1863,85,2,93,8,27954,8264,320,4,720,40,6617,1886,72,0,66,10,56562,13.73650455,100.6163628
12,2/6/2023,ทางลอดกลับรถถนนพัฒนาการ,พัฒนาการ,1035,209,0,0,0,3,3813,1428,0,0,34,3,1011,335,0,0,8,1,7880,13.73711736,100.6281321
13,2/7/2023,อุโมงค์ถาวรธวัช,ถาวรธวัช,2935,885,1,0,15,1,9021,3583,5,1,238,9,2682,837,2,0,53,1,20269,13.74146181,100.6160971
14,2/8/2023,พระราม 9,รัชดาภิเษก,6309,1301,68,1,25,16,23469,5624,313,1,265,125,5432,1104,77,1,29,70,44230,13.75608015,100.5649663
15,2/8/2023,พระราม 9,อโศกดินแดง,4410,1189,49,3,92,9,17454,6778,159,10,1214,78,5501,1532,46,2,87,11,38624,13.75608015,100.5649663
16,2/8/2023,พระราม 9,พระราม 9,3558,920,37,3,59,8,13393,4872,214,16,774,85,3916,1301,42,2,25,23,29248,13.75608015,100.5649663
17,2/9/2023,พระรามที่ 2,สุขสวัสดิ์,7752,2517,264,49,245,226,26184,12588,1076,216,2227,725,5506,2436,260,56,170,176,62673,13.68512289,100.4877892
18,2/9/2023,พระรามที่ 2,พระรามที่ 2,4962,1717,169,0,91,11,13625,7931,547,0,2254,53,3894,1823,106,2,329,75,37589,13.68512289,100.4877892
19,2/10/2023,ประเสริฐมนูกิจ - ประดิษฐ์มนูธรรม,ประดิษฐ์มนูธรรม,11184,2899,41,0,137,9,35693,12212,138,0,1401,34,9971,2484,27,0,110,8,76348,13.82591065,100.6281899
20,2/10/2023,ประเสริฐมนูกิจ - ประดิษฐ์มนูธรรม,ประเสริฐมนูกิจ,10339,2928,52,0,142,7,32990,12574,146,1,1424,34,10807,3261,35,1,140,5,74886,13.82591065,100.6281899
21,2/13/2023,ซังฮี้,สามเสน,1733,322,82,0,16,6,7370,2050,411,0,176,50,1466,396,64,0,23,16,14181,13.77838011,100.5084347
22,2/13/2023,ซังฮี้,ราชวิถี,2005,333,91,0,14,6,7464,1917,533,0,121,37,2313,347,100,0,9,6,15296,13.77838011,100.5084347
23,2/14/2023,วขิระ,สามเสน,620,105,100,0,3,1,2286,462,324,0,29,2,208,111,112,0,7,3,4373,13.78129093,100.5097905
24,2/14/2023,วขิระ,สุโขทัย,2067,387,77,1,17,8,9640,3382,190,1,195,58,2264,505,42,1,19,10,18864,13.78129093,100.5097905
25,2/16/2023,สี่เสาเสาเทเวศร์,สามเสน,2147,511,48,1,5,12,3932,1069,245,2,30,106,1028,238,51,0,6,42,9473,13.77116165,100.5050178
26,2/16/2023,สี่เสาเสาเทเวศร์,ศรีอยุธยา,850,186,9,0,9,35,2456,697,21,0,26,246,713,201,4,0,2,39,5494,13.77116165,100.5050178
27,2/17/2023,ศรีย่าน,สามเสน,1000,242,122,0,11,16,4548,1343,477,0,82,120,1095,322,123,0,17,18,9536,13.78535419,100.5117745
28,2/17/2023,ศรีย่าน,นครไชยศรี,210,82,5,7,5,11,1023,399,14,39,14,49,166,68,6,9,2,4,2113,13.78535419,100.5117745
29,2/20/2023,บางกระบือ,สามเสน,1659,284,37,0,5,15,4713,1335,276,1,162,124,959,379,75,0,53,29,10106,13.78935313,100.5146366
30,2/20/2023,บางกระบือ,เขียวไข่กา,425,81,0,0,0,2,396,69,0,0,0,3,31,15,0,0,0,0,1022,13.78935313,100.5146366
31,2/20/2023,บางกระบือ,อำนวยสงคราม,705,152,60,0,7,14,2941,900,178,0,107,80,777,206,59,0,10,12,6208,13.78935313,100.5146366
32,2/21/2023,เกียกกาย,สามเสน,879,195,26,0,6,4,3198,816,121,0,28,36,1545,233,32,0,8,6,7133,13.79722809,100.5214466
33,2/21/2023,เกียกกาย,ทหาร,1101,261,19,0,20,14,3516,1222,65,3,119,66,1528,380,18,0,20,7,8359,13.79722809,100.5214466
34,2/21/2023,เกียกกาย,ประชาราษฎร์สาย 1,3514,370,35,0,13,5,4887,1137,172,0,165,15,682,162,37,0,17,10,11221,13.79722809,100.5214466
35,2/22/2023,เทเวศร์,สามเสน,1464,360,101,0,10,109,4466,1221,427,1,34,397,1043,174,83,0,5,72,9967,13.76960958,100.5037136
36,2/22/2023,เทเวศร์,กรุงเกษม,443,132,30,1,8,31,1882,713,107,0,81,184,269,94,12,0,6,28,4021,13.76960958,100.5037136
37,2/23/2023,บางขุนพรหม,สามเสน,1327,156,39,0,19,57,4723,927,194,1,72,289,1281,182,40,0,2,56,9365,13.76690259,100.5011025
38,2/23/2023,บางขุนพรหม,วิสุทธิกษัตริย์,653,216,44,0,6,65,1998,884,149,0,20,264,588,174,30,1,1,50,5143,13.76690259,100.5011025
39,2/24/2023,บางลำพู,สามเสน,1200,425,48,1,7,98,5263,1705,212,0,41,535,1177,240,54,0,5,136,11147,13.76218841,100.4982647
40,2/24/2023,บางลำพู,พระสุเมรุ,965,216,168,1,3,127,5148,1265,589,0,29,654,1016,314,108,0,2,129,10734,13.76218841,100.4982647
41,2/27/2023,ปากซอยราษฎร์บูรณะ 41,ราษฎร์บูรณะ,2029,816,47,10,91,63,7215,4426,169,30,768,296,1655,670,40,10,94,51,18480,13.66879399,100.5194126
42,2/27/2023,วัดสน,สุขสวัสดิ์ 35,102,40,0,0,1,0,368,269,0,0,8,5,93,62,0,0,0,1,949,13.66855365,100.5136236
43,2/27/2023,วัดสน,สุขสวัสดิ์,6694,2459,345,91,367,22,22903,11944,1472,287,3241,97,6573,2942,388,61,515,8,60409,13.66855365,100.5136236
44,2/28/2023,หน้าวิทยาลัยเทคนิคกาญจนาภิเษกมหานคร,คุ้มเกล้า,1773,989,0,0,60,0,4263,3271,1,0,508,0,1460,929,0,0,51,0,13305,13.80812672,100.7831833
45,2/28/2023,สุวินทวงศ์ - คุ้มเกล้า,คุ้มเกล้า,814,490,0,0,60,0,2161,1794,7,0,456,0,487,426,6,0,59,0,6760,13.81217722,100.7825731
46,2/28/2023,สุวินทวงศ์ - คุ้มเกล้า,สุวินทวงศ์,6798,3785,49,5,425,6,17739,11761,119,30,2738,16,6244,3863,132,4,489,2,54205,13.81217722,100.7825731
1,1/3/2023,พรานนก,อิสรภาพ,1579,379,21,7,21,168,6395,1920,111,22,134,607,1911,473,33,9,14,153,13957,13.75557464,100.4779597
2,1/3/2023,พรานนก,พานนก,3374,704,54,0,16,107,9819,2534,176,1,79,440,2149,623,33,0,26,103,20238,13.75557464,100.4779597
3,1/4/2023,เพชรเกษม - พุทธมณฑลสาย 1,พุทธมณฑลสาย 1,1869,422,0,0,11,20,4938,1509,0,0,100,56,1328,320,1,0,6,2,10582,13.71241267,100.4285125
4,1/4/2023,เพชรเกษม - พุทธมณฑลสาย 1,เพชรเกษม,6231,1848,243,0,77,190,21038,7398,986,2,633,597,5703,1751,166,0,68,61,46992,13.71241267,100.4285125
5,1/5/2023,ศรีอุดม,ศรีนคริน,7774,2607,93,4,103,5,27603,10526,326,13,736,12,7772,2585,81,4,95,0,60339,13.67774948,100.6460593
6,1/5/2023,ศรีอุดม,อุดมสุข,3649,1304,1,1,47,5,12700,5544,3,1,305,27,3264,1113,3,0,14,8,27989,13.67774948,100.6460593
7,1/9/2023,สวนสน,ซอยรามคำแหง 60,513,143,0,0,6,0,1711,604,0,0,31,3,471,143,0,0,4,2,3631,13.76311172,100.6486757
8,1/9/2023,สวนสน,พ่วงศิริ,1021,249,3,0,1,11,3236,1208,11,0,51,29,605,163,1,0,8,1,6598,13.76311172,100.6486757
9,1/9/2023,สวนสน,รามคำแหง,3332,825,69,0,24,5,13737,5120,277,0,268,62,3314,1174,67,0,13,6,28293,13.76311172,100.6486757
10,1/10/2023,สรรพาวุธ,ทางรถไฟสายปากน้ำ,760,280,0,0,58,3,2949,1866,1,2,3449,6,1313,704,3,2,878,0,12274,13.67614169,100.5911928
11,1/10/2023,สรรพาวุธ,สรรพาวุธ,2019,497,4,0,336,4,3731,2088,9,0,2173,9,604,263,8,0,222,0,11967,13.67614169,100.5911928
12,1/11/2023,หัวลำโพง,มหาพฤฒาราม,1689,323,37,1,15,37,5504,1801,162,4,46,208,1354,296,36,0,7,53,11573,13.73787474,100.5162734
13,1/11/2023,หัวลำโพง,พระรามที่ 4,7343,1538,162,1,38,189,24106,9466,739,10,456,1006,5987,2038,173,1,69,245,53567,13.73787474,100.5162734
14,1/12/2023,ประเวศ,เฉลิมพระเกียรติ ร.9,2084,1038,15,0,68,5,5942,4788,26,1,665,14,1751,1281,6,0,93,3,17780,13.72138649,100.6978013
15,1/12/2023,ประเวศ,อ่อนนุช,6968,2936,52,5,330,7,23831,11941,223,15,2588,36,6820,2747,58,4,313,6,58880,13.72138649,100.6978013
16,1/13/2023,กรุงเทพกรีฑา-หมู่บ้านนักกีฬาแหลมทอง,หมู่บ้านนักกีฬาแหลมทอง,261,70,19,0,4,6,610,178,43,0,16,5,233,43,6,0,3,2,1499,13.73917909,100.6926056
17,1/13/2023,กรุงเทพกรีฑา-หมู่บ้านนักกีฬาแหลมทอง,กรุงเทพกรีฑา,1496,569,16,0,17,6,4365,1853,91,0,81,49,1494,449,20,0,21,14,10541,13.73917909,100.6926056
18,1/16/2023,ราชวงศ์,ราชวงศ์,408,132,44,0,8,127,2482,1249,122,0,115,816,536,231,21,0,11,213,6515,13.74235927,100.5069483
19,1/16/2023,ราชวงศ์,เยาวราช,1177,318,68,36,6,130,6948,3095,205,106,90,864,2143,475,48,30,21,180,15940,13.74235927,100.5069483
20,1/17/2023,เอส.เอ.บี,วรจักร,1256,313,65,0,12,147,6300,2374,238,0,118,858,1506,544,65,0,11,209,14016,13.74563882,100.5056842
21,1/17/2023,เอส.เอ.บี,เจริญกรุง,4111,635,144,15,13,197,8919,2297,586,111,104,663,2720,611,162,21,12,181,21502,13.74563882,100.5056842
22,1/17/2023,สามยอด,มหาไชย,4370,810,87,14,23,85,12280,5109,321,61,207,636,2401,836,87,15,27,154,27523,13.74693591,100.5031638
23,1/17/2023,สามยอด,เจริญกรุง,2222,419,96,27,5,162,4840,1647,409,155,40,571,696,103,66,50,4,129,11641,13.74693591,100.5031638
24,1/18/2023,บ้านแขก,ประชาธิปก,8406,2275,295,47,37,373,23453,8566,837,174,374,1346,5918,2015,224,54,33,344,54771,13.73086979,100.4946894
25,1/18/2023,บ้านแขก,อิสรภาพ,1847,341,33,0,15,142,5391,1399,146,0,120,572,1656,435,49,0,16,138,12300,13.73086979,100.4946894
26,1/19/2023,ท่าดินแดง,ท่าดินแดง,822,227,29,3,14,316,2949,1291,133,14,78,624,769,391,41,6,19,146,7872,13.73229922,100.5022172
27,1/19/2023,ท่าดินแดง,สมเด็จเจ้าพระยา,2188,401,42,2,8,204,6367,2048,160,2,80,714,1519,449,56,1,17,146,14404,13.73229922,100.5022172
28,1/20/2023,คลองสาน,เจริญนคร,1583,313,59,0,6,156,4839,1336,221,0,49,767,1130,297,75,0,8,234,11073,13.73006606,100.5086365
29,1/20/2023,คลองสาน,สมเด็จเจ้าพระยา,1012,168,30,6,9,105,4409,1280,116,11,63,311,1213,296,37,2,8,70,9146,13.73006606,100.5086365
30,1/20/2023,คลองสาน,ลาดหญ้า,1186,284,26,1,11,111,4070,1105,104,0,40,276,705,192,34,0,8,68,8221,13.73006606,100.5086365
31,1/23/2023,หน้าโรงเรียนสุเหร่าแสนแสบ,ประชาร่วมใจ,988,782,12,0,29,3,3822,3212,35,0,232,37,954,591,13,0,17,12,10739,13.82516283,100.7518083
32,1/23/2023,สุวินทวงศ์ - นิมิตรใหม่,นิมิตรใหม่,3245,1689,7,3,241,4,8827,5240,33,8,1893,9,2165,1240,18,1,405,2,25030,13.81994048,100.7421938
33,1/23/2023,สุวินทวงศ์ - นิมิตรใหม่,สุวินทวงศ์,4334,1727,22,0,284,2,12555,7002,105,0,1885,10,4167,2056,49,1,212,8,34419,13.81994048,100.7421938
34,1/24/2023,สะพานพระพุทธยอดฟ้า,สะพานพระพุทธยอดฟ้า,5633,576,26,29,3,303,15674,2691,101,110,28,1340,2606,448,13,17,5,266,29869,13.73930947,100.4975938
35,1/24/2023,สะพานพระปกเกล้า,สะพานพระปกเกล้า,8310,1816,172,22,42,241,20386,5529,858,123,314,921,5688,1122,281,14,31,262,46132,13.73886769,100.4985305
36,1/24/2023,สะพานสมเด็จพระเจ้าตากสิน,สะพานสมเด็จพระเจ้าตากสิน,8263,1667,44,2,30,16,33644,9904,176,9,710,123,9674,1938,57,1,46,51,66355,13.71925037,100.5118548
37,1/25/2023,สะพานกรุงธน,สะพานกรุงธน,4847,878,129,0,23,17,20716,5331,691,0,625,34,5791,1209,146,0,70,18,40525,13.78108585,100.5024328
38,1/25/2023,สะพานพระราม 8,สะพานพระราม 8,7934,1654,0,0,17,0,25075,9805,3,0,235,0,7409,1691,1,0,34,0,53858,13.76890374,100.4970968
39,1/25/2023,สะพานสมเด็จพระปิ่นเกล้า,สะพานสมเด็จพระปิ่นเกล้า,12184,2342,273,11,74,167,36612,11613,1174,35,930,545,9793,2644,294,3,109,89,78892,13.76194508,100.4908776
40,1/26/2023,สะพานกรุงเทพ,สะพานกรุงเทพ,4720,1090,63,5,65,93,15087,5061,281,18,473,412,4347,1028,82,7,17,84,32933,13.70092135,100.4921264
41,1/26/2023,สะพานพระราม 3,สะพานพระราม 3,4565,1197,49,0,63,1,16723,6822,258,0,1452,8,3787,1185,96,0,132,2,36340,13.70111304,100.4924451
42,1/26/2023,สะพานภูมิพล 1,สะพานภูมิพล 1,10386,2740,14,0,233,10,25772,12707,97,1,3293,33,9530,3066,27,1,339,4,68253,13.6689716,100.538563
43,1/27/2023,อุโมงค์รัชโยธิน,รัชดาภิเษก,9148,1779,11,0,73,13,28479,8862,34,0,851,34,7691,1941,10,0,84,8,59018,13.82700011,100.5682599
44,1/27/2023,อุโมงค์เกษตร,งามวงศ์วาน-ประเสริฐมนูกิจ,9114,2196,32,0,49,9,27720,9938,120,0,1369,43,6963,2018,43,0,93,0,59707,13.83972854,100.5754236
45,1/27/2023,อุโมงค์สุทธิสาร,รัชดาภิเษก,10269,1597,9,0,24,23,29522,6431,55,1,119,51,7248,1855,20,1,21,6,57252,13.78971584,100.574209
46,1/27/2023,สะพานพระราม 7,สะพานพระราม 7,7552,2070,79,7,107,5,28705,9317,419,28,850,17,8209,2160,126,9,142,9,59811,13.8143432,100.5140527
47,1/30/2023,สามเหลี่ยมดินแดง,ราชปรารภ,3518,643,112,6,29,52,13744,3675,503,52,175,230,5496,847,131,19,31,95,29358,13.76282642,100.5427398
48,1/30/2023,สามเหลี่ยมดินแดง,ราชวิถี 2,308,95,0,0,0,37,465,116,0,0,1,60,87,21,0,0,2,19,1211,13.76282642,100.5427398
49,1/30/2023,สามเหลี่ยมดินแดง,ราชวิถี,1905,448,89,10,3,12,6970,2019,327,44,73,99,2380,525,78,13,18,15,15028,13.76282642,100.5427398
50,1/30/2023,สามเหลี่ยมดินแดง,ดินแดง,4785,1344,173,12,42,49,13728,4314,559,60,287,180,3115,855,107,9,41,47,29707,13.76282642,100.5427398
51,1/30/2023,อุโมงค์ดินแดง,ดินแดง,1747,420,88,18,26,29,7027,1896,349,66,236,126,1500,459,68,23,30,29,14137,13.76398006,100.5479873
52,1/31/2023,วงเวียนหลักสี่,พหลโยธิน,9796,2046,216,2,105,8,36717,11959,893,2,1562,48,10656,2947,239,1,191,12,77400,13.87573916,100.5967665
53,1/31/2023,วงเวียนหลักสี่,แจ้งวัฒนะ,10046,2005,93,15,169,0,31198,7883,419,29,767,25,6206,1596,83,10,163,1,60708,13.87573916,100.5967665
54,1/31/2023,วงเวียนหลักสี่,รามอินทรา,4616,1204,59,9,32,0,20066,7364,297,34,1141,2,4199,1247,77,11,110,2,40470,13.87573916,100.5967665
1,7/3/2023,วังหิน,สุขาภิบาล 1,1341,298,0,0,6,31,4334,1586,1,0,62,145,912,342,0,0,8,22,9088,13.735739,100.521583
2,7/3/2023,วังหิน,ลาดปลาเค้า,790,206,1,0,13,142,3239,1100,3,0,105,253,925,286,1,0,7,125,7196,13.735739,100.521583
3,7/3/2023,วังหิน,เสนานิคม,1595,334,1,0,7,193,5635,1558,1,0,59,537,1406,353,1,0,7,167,11854,13.735739,100.521583
4,7/4/2023,วิทยุ - เพชร,วิทยุ - ทางขึ้นลงทางด่วน,4503,835,116,1,38,10,12963,2956,412,3,146,158,2997,775,52,0,34,58,26057,13.749672,100.548644
5,7/4/2023,วิทยุ - เพชร,เพชรบุรี 37-ทางลงทางด่วน,815,189,3,0,0,1,1409,651,0,0,7,6,264,88,0,0,1,2,3436,13.749672,100.548644
6,7/4/2023,วิทยุ - เพชร,เพชรบุรี,4267,1118,184,0,21,32,17728,5898,791,6,119,366,3848,1149,204,0,10,180,35921,13.749672,100.548644
7,7/5/2023,วิสุทธิกษัตริย์,ประชาธิปไตย,1428,273,68,33,19,73,4797,1243,289,125,104,395,1458,293,73,37,6,84,10798,13.762412,100.504296
8,7/5/2023,วิสุทธิกษัตริย์,วิสุทธิกษัตริย์,5418,1535,9,0,14,34,16879,6014,64,1,116,293,3565,1090,15,0,18,54,35119,13.762412,100.504296
9,7/6/2023,อรุณอัมรินทร์,อรุณอัมรินทร์,6278,1650,106,2,39,63,23521,5760,411,1,216,218,6672,1195,84,0,30,49,46295,13.768718,100.485764
10,7/6/2023,อรุณอัมรินทร์,สมเด็จพระปิ่นเกล้า,17087,3794,358,11,166,153,48491,12761,1428,17,1151,522,15996,3178,249,1,129,132,105624,13.768718,100.485764
11,7/10/2023,พญาไท,พญาไท,5144,970,121,20,42,51,20268,4376,613,72,222,273,4947,786,155,19,19,56,38154,13.735739,100.521583
12,7/10/2023,พญาไท,ศรีอยุธยา,7118,1679,40,8,40,69,25231,9556,241,36,244,270,5651,1680,40,13,31,71,52018,13.735739,100.521583
13,7/11/2023,ทุ่งสาธิต,สุขุมวิท,5823,1745,275,11,155,27,21096,7658,915,42,1292,127,7210,1597,176,20,182,14,48365,13.684346,100.610517
14,7/11/2023,ทุ่งสาธิต,สุขุมวิท 101/1,1009,187,0,0,3,11,3179,919,0,0,67,26,765,246,0,0,4,6,6422,13.684346,100.610517
15,7/12/2023,เจ้าคุณทหาร - ฉลองกรุง,ฉลองกรุง,4505,2672,135,3,294,0,11041,8232,323,12,2443,5,3939,1806,95,2,291,6,35804,13.735739,100.521583
16,7/12/2023,เจ้าคุณทหาร - ฉลองกรุง,เจ้าคุณทหาร,2687,1089,36,0,235,0,5765,4927,89,3,1733,7,1596,1073,17,0,199,1,19457,13.735739,100.521583
17,7/12/2023,ปากซอยฉลองกรุง 61,ฉลองกรุง,2880,1878,58,3,316,0,6336,5703,122,17,1771,0,1796,1488,52,4,319,0,22743,13.776255,100.816649
18,7/13/2023,ท่าพระ,รัชดาภิเษก,2708,1262,62,2,22,13,8812,3690,173,0,292,90,2287,734,29,0,10,16,20202,13.729526,100.474094
19,7/13/2023,ท่าพระ,จรัญสนิทวงศ์,2352,577,46,0,13,90,7536,2278,160,2,86,292,2393,702,32,0,31,83,16673,13.729526,100.474094
20,7/13/2023,ท่าพระ,เพชรเกษม,5059,1144,146,0,31,86,16867,5190,613,2,340,291,4989,1479,168,0,33,65,36503,13.729526,100.474094
21,7/17/2023,วังแดง,ราชสีมา,1734,326,77,37,2,17,6956,2209,312,114,50,125,1388,299,86,31,7,23,13793,13.735739,100.521583
22,7/17/2023,วังแดง,พิษณุโลก,1209,229,103,0,3,42,4010,977,351,1,28,193,1160,320,69,0,1,37,8733,13.735739,100.521583
23,7/17/2023,หน้าธนาคารแห่งประเทศไทย,สามเสน,1553,275,81,0,14,104,4084,950,392,0,115,305,1082,250,80,0,8,89,9382,13.768622,100.502766
24,7/18/2023,ลาดพร้าว 71,ลาดพร้าว 71,1256,258,8,0,8,0,2663,795,34,0,59,22,697,148,8,0,8,6,5970,13.78709225,100.6077469
25,7/18/2023,ลาดพร้าว 71,ลาดพร้าว,2396,635,101,2,16,7,9990,4350,331,1,218,17,2764,983,65,0,35,2,21913,13.78709225,100.6077469
26,7/18/2023,จันทิมา,ลาดพร้าว 80,308,113,0,0,2,0,1375,617,1,0,24,3,565,185,5,0,5,1,3204,13.78832729,100.6051615
27,7/18/2023,จันทิมา,ลาดพร้าว,2562,698,102,0,41,6,7866,3004,459,0,401,32,2461,748,90,0,21,5,18496,13.78832729,100.6051615
28,7/18/2023,จุดกลับรถถนนลาดพร้าว  (ใต้ทางด่วนฉลองรัช),ลาดพร้าว,730,137,0,0,1,2,2054,852,0,0,8,6,571,213,0,0,0,1,4575,13.78640935,100.6087576
29,7/19/2023,รามอินทรา 34,รามอินทรา 34,162,47,0,0,1,0,649,245,1,0,13,0,180,50,0,0,1,0,1349,13.735739,100.521583
30,7/19/2023,รามอินทรา 34,รามอินทรา,7604,2295,93,15,97,4,23131,10861,337,19,2219,15,6185,2922,118,2,302,4,56223,13.735739,100.521583
31,7/19/2023,มัยลาภ,รามอินทรา 14,393,129,0,0,2,0,1475,538,0,0,27,1,409,155,0,0,3,1,3133,13.735739,100.521583
32,7/19/2023,มัยลาภ,รามอินทรา,7912,2678,107,14,149,0,24956,9506,469,59,1187,7,6799,2249,124,22,68,2,56308,13.735739,100.521583
33,7/20/2023,หน้าโรงเรียนทวีธาภิเศก,บางขุนเทียนชายทะเล,1363,745,5,0,37,0,3738,2897,10,2,266,0,913,833,5,0,22,0,10836,13.57979328,100.4258566
34,7/20/2023,หน้า รพ.ผู้สูงอายุบางขุนเทียน,บางขุนเทียนชายทะเล,1088,758,1,1,73,1,3451,3031,8,1,365,2,905,775,5,0,23,0,10488,13.57288923,100.4225114
35,7/21/2023,เตาปูน,ซอยนำชัย,12,5,0,0,0,0,19,12,0,0,0,1,10,7,0,0,0,0,66,13.80638461,100.5308174
36,7/21/2023,เตาปูน,ประชาราษฎร์,1809,223,32,0,7,50,4120,1081,146,1,68,144,747,168,26,0,7,69,8698,13.80638461,100.5308174
37,7/21/2023,เตาปูน,ประชาราษฎร์สาย 2,2854,480,54,0,21,61,9990,2668,244,1,169,283,3358,631,55,0,26,65,20960,13.80638461,100.5308174
38,7/24/2023,ปากซอยคู้บอน 44,คู้บอน,4706,1506,6,0,51,0,17394,5252,24,0,304,1,4231,1193,12,0,39,1,34720,13.85782012,100.6862873
39,7/24/2023,ปากซอยนิมิตใหม่ 40,นิมิตใหม่,3539,1679,0,0,526,0,6887,4587,2,2,2285,3,1767,1093,8,0,258,0,22636,13.8862141,100.3185204
40,7/24/2023,หทัยราษฎร์ - หทัยมิตร,หทัยราษฎร์,3166,1656,10,3,43,6,9615,5648,45,15,349,28,2481,1413,10,0,30,3,24521,13.735739,100.521583
41,7/24/2023,หทัยราษฎร์ - หทัยมิตร,หทัยมิตร,1952,583,1,3,10,2,5176,1944,3,16,108,7,1553,709,0,3,27,1,12098,13.735739,100.521583
42,7/25/2023,หลักสี่,กำแพงเพชร 6,1786,325,2,0,9,1,7735,2128,9,4,43,14,2988,563,1,1,5,2,15616,13.735739,100.521583
43,7/25/2023,หลักสี่,แจ้งวัฒนะ,4016,705,38,0,71,4,12675,4112,193,5,419,22,2591,811,52,5,82,2,25803,13.735739,100.521583
44,7/26/2023,เย็นอากาศ,นางลิ้นจี่,1727,651,33,0,32,18,7499,2779,193,0,245,61,2622,807,50,0,53,19,16789,13.71041128,100.5418687
45,7/26/2023,เย็นอากาศ,จันทน์,1086,174,9,0,24,20,2732,780,31,0,92,40,965,264,5,0,9,13,6244,13.71041128,100.5418687
46,7/26/2023,เย็นอากาศ,เย็นอากาศ,159,38,0,0,2,1,724,281,0,0,3,11,193,99,0,0,0,1,1512,13.71041128,100.5418687
47,7/27/2023,ศุลกากร,เกษมราษฎร์,2890,869,106,2,81,13,10667,4479,393,3,805,85,2891,1033,115,1,43,22,24498,13.714725,100.565167
48,7/27/2023,ศุลกากร,สุนทรโกษา,2072,650,78,0,147,68,6027,3085,313,0,1387,229,1440,559,137,0,160,24,16376,13.714725,100.565167
49,7/27/2023,ศุลกากร,อาจณรงค์,1302,598,9,0,108,11,3010,2136,5,0,934,21,728,501,3,0,183,6,9555,13.714725,100.565167
1,6/1/2023,ลาดพร้าว,วิภาวดีรังสิต,20501,4655,207,16,190,24,74646,23226,760,73,2437,113,18213,5016,184,17,223,30,150531,13.812796,100.559813
2,6/1/2023,ลาดพร้าว,พหลโยธิน,11014,1585,398,56,66,51,35548,6874,1849,139,501,276,8968,1741,372,27,29,51,69545,13.812796,100.559813
3,6/6/2023,ทองหล่อ,สุขุมวิท,3802,978,113,6,26,30,14421,4656,494,21,162,143,3776,1051,117,5,28,29,29858,13.723635,100.579396
4,6/6/2023,ทองหล่อ,สุขุมวิท 55,1408,458,12,0,14,10,5122,1960,70,0,99,68,992,389,11,0,13,23,10649,13.723635,100.579396
5,6/6/2023,เพชรบุรี - ทองหล่อ,ทองหล่อ,2101,442,1,0,13,3,7115,1945,6,4,114,23,1852,511,0,0,9,2,14141,13.744439,100.586154
6,6/6/2023,เพชรบุรี - ทองหล่อ,เพชรบุรี,6101,1218,148,4,114,26,23002,6471,591,3,867,120,5689,1314,148,0,137,21,45974,13.744439,100.586154
7,6/7/2023,ลาดปลาเค้า,ลาดปลาเค้า,1116,240,5,0,15,1,4398,1004,17,0,37,6,1060,260,2,0,11,2,8174,13.864423,100.614598
8,6/7/2023,ลาดปลาเค้า,รามอินทรา,7489,2680,138,6,76,14,28902,12038,610,23,2157,66,8105,2812,114,6,127,6,65369,13.864423,100.614598
9,6/8/2023,อโศกมนตรี,รัชดาภิเษก,2792,683,24,0,21,17,8274,3133,86,4,152,97,1345,422,22,0,9,25,17106,13.736421,100.561298
10,6/8/2023,อโศกมนตรี,อโศกมนตรี,2459,515,21,0,14,10,7078,2287,105,0,85,48,1816,462,23,0,14,8,14945,13.736421,100.561298
11,6/8/2023,อโศกมนตรี,สุขุมวิท,4730,1161,98,3,60,97,16465,4677,365,15,340,436,3932,1003,102,5,14,90,33593,13.736421,100.561298
12,6/9/2023,อ่อนนุช,สุขุมวิท,5930,1798,229,23,113,35,22493,9092,889,143,1007,147,5357,1768,169,11,109,24,49337,13.708887,100.599424
13,6/9/2023,อ่อนนุช,สุขุมวิท 48/3,6,4,0,0,0,0,36,19,0,0,0,0,5,3,0,0,0,0,73,13.708887,100.599424
14,6/9/2023,อ่อนนุช,สุขุมวิท 77,2325,508,16,3,35,35,7547,2014,72,4,114,207,1878,600,18,2,6,66,15450,13.708887,100.599424
15,6/12/2023,ด่วนนางลิ้นจี่,นางลิ้นจี่,3154,895,15,1,50,11,10214,3581,45,2,188,56,2925,779,9,0,31,7,21963,13.704812,100.544577
16,6/12/2023,ด่วนนางลิ้นจี่,รัชดาภิเษก,3136,497,29,0,20,50,7909,2554,91,0,172,158,1762,526,19,0,30,7,16960,13.704812,100.544577
17,6/13/2023,ปากซอยจรัญสนิทวงศ์ 1,จรัญสนิทวงศ์,2135,483,70,1,12,156,7929,2206,337,8,55,555,2569,655,68,3,19,162,17423,13.731786,100.472838
18,6/13/2023,ปากซอยจรัญสนิทวงศ์ 1,จรัญสนิทวงศ์ 1,45,25,0,0,0,1,117,74,0,0,1,3,21,8,0,0,0,1,296,13.731786,100.472838
19,6/13/2023,ปากซอยเพชรเกษม 16,เพชรเกษม 16,76,25,0,0,0,0,308,103,0,0,0,6,44,23,0,0,0,1,586,13.727944,100.470959
20,6/13/2023,ปากซอยเพชรเกษม 16,เพชรเกษม,5621,1201,178,0,56,80,17474,6168,831,0,483,288,4410,1372,259,0,89,42,38552,13.727944,100.470959
21,6/14/2023,สุขุมวิท 39,สุขุมวิท 39,396,110,0,0,3,16,1357,598,0,7,38,154,388,159,0,0,15,25,3266,13.729995,100.570408
22,6/14/2023,สุขุมวิท 39,สุขุมวิท,2308,703,106,4,24,55,13826,5360,443,18,227,396,2617,649,109,5,70,68,26988,13.729995,100.570408
23,6/14/2023,สายน้ำผึ้ง,ซอยสุขุมวิท 22,587,158,0,0,9,11,1662,589,3,0,16,61,277,140,1,0,0,5,3519,13.733626,100.565217
24,6/14/2023,สายน้ำผึ้ง,สุขุมวิท,3944,835,119,6,29,34,14449,4306,487,12,134,173,2431,802,76,6,16,48,27907,13.733626,100.565217
25,6/15/2023,หน้าวัดลครทำ,อิสรภาพ,2082,532,66,0,4,276,7393,2349,218,0,90,1057,1711,516,43,0,9,250,16596,13.753037,100.478124
26,6/15/2023,อิสรภาพ - อิสรภาพ 44 - วัดดงมูลเหล็ก,อิสรภาพ,2647,609,39,0,15,231,7335,2388,163,0,90,821,1865,619,43,0,17,208,17090,13.752222,100.478105
27,6/15/2023,อิสรภาพ - อิสรภาพ 44 - วัดดงมูลเหล็ก,อิสรภาพ 44,323,76,2,0,5,32,1353,450,5,0,35,47,413,184,0,0,4,6,2935,13.752222,100.478105
28,6/16/2023,หน้าศูนย์ราชการกระทรวงมหาดไทย,เจริญนคร,3751,878,42,1,39,205,14403,4585,208,1,188,715,3889,1227,62,0,16,128,30338,13.715087,100.505424
29,6/16/2023,เจริญนครใต้,เจริญนคร,4303,825,56,1,61,153,18021,4521,333,0,237,522,4601,1354,87,0,32,155,35262,13.718802,100.508144
30,6/16/2023,เจริญนครใต้,กรุงธนบุรี,943,257,4,0,7,13,5158,1565,18,0,70,84,1518,597,11,0,11,19,10275,13.718802,100.508144
31,6/19/2023,สะแกงาม,บางขุนเทียน,5680,2825,18,0,210,64,15237,12793,128,3,2064,147,4812,2866,39,0,212,62,47160,13.629716,100.434197
32,6/19/2023,สะแกงาม,สะแกงาม,680,346,6,1,78,5,1791,1361,51,2,300,31,617,457,15,0,87,8,5836,13.629716,100.434197
33,6/20/2023,ตรอกจันทร์,เจริญกรุง,1504,515,84,40,37,34,7281,2468,341,189,132,258,1818,568,77,34,16,62,15458,13.710085,100.511312
34,6/20/2023,ตรอกจันทร์,ทางเข้าคอนโดฯ,1144,147,0,0,0,2,781,431,0,0,0,10,134,103,0,0,0,0,2752,13.710085,100.511312
35,6/20/2023,ตรอกจันทร์,จันทน์,868,340,14,0,20,14,2638,1378,67,0,86,64,792,288,11,0,22,11,6613,13.710085,100.511312
36,6/21/2023,ผ่านฟ้าลีลาศ,บริพัตร,10,4,0,0,0,4,116,81,0,0,1,28,94,59,0,0,0,12,409,13.756462,100.506058
37,6/21/2023,ผ่านฟ้าลีลาศ,ราชดำเนินกลาง,5135,888,106,0,15,73,14446,4301,503,0,139,450,2768,642,119,0,25,103,29713,13.756462,100.506058
38,6/21/2023,ผ่านฟ้าลีลาศ,ปรินายก,62,8,0,0,0,4,74,23,0,0,1,7,16,12,0,0,0,1,208,13.756462,100.506058
39,6/21/2023,ผ่านฟ้าลีลาศ,ราชดำเนินนอก,546,133,26,0,13,27,2275,671,103,0,50,117,588,163,22,0,4,21,4759,13.756462,100.506058
40,6/21/2023,ผ่านฟ้าลีลาศ,นครสวรรค์,46,8,1,0,0,2,272,85,5,0,4,30,148,43,2,0,0,8,654,13.756462,100.506058
41,6/21/2023,ผ่านฟ้าลีลาศ,หลานหลวง,1817,339,113,1,7,56,6886,1990,412,2,108,326,1573,402,67,2,9,69,14179,13.756462,100.506058
42,6/22/2023,ลำหิน,เลียบวารี,662,435,0,0,11,1,1750,1578,3,0,102,8,870,504,2,0,12,0,5938,13.854418,100.80738
43,6/22/2023,ลำหิน,คู้คลองสิบ,544,395,0,0,14,0,1264,1004,0,0,47,1,321,264,2,0,12,0,3868,13.854418,100.80738
44,6/22/2023,ลำหิน,มิตรไมตรี,1353,814,17,0,35,2,3311,2484,55,0,228,9,1065,761,31,0,46,1,10212,13.854418,100.80738
45,6/23/2023,มิตรไมตรี - มิตรไมตรี 12/2,มิตรไมตรี 12/2,48,73,0,0,5,2,199,171,0,0,27,8,71,35,0,0,2,2,643,13.855643,100.820647
46,6/23/2023,มิตรไมตรี - มิตรไมตรี 12/2,มิตรไมตรี,778,638,19,4,26,10,2403,1815,70,15,84,41,942,756,21,5,21,5,7653,13.855643,100.820647
47,6/23/2023,มิตรไมตรี -มิตรไมตรี 3 -มิตรไมตรี 4,มิตรไมตรี 3,374,288,1,1,12,3,1089,1202,2,0,32,5,473,483,0,1,16,0,3982,13.859488,100.854111
48,6/23/2023,มิตรไมตรี -มิตรไมตรี 3 -มิตรไมตรี 4,มิตรไมตรี 4,162,100,0,0,2,0,300,185,0,0,17,0,149,63,0,0,3,0,981,13.859488,100.854111
49,6/23/2023,มิตรไมตรี -มิตรไมตรี 3 -มิตรไมตรี 4,มิตรไมตรี,749,499,50,0,31,2,2970,2377,74,0,164,11,964,573,26,0,28,1,8519,13.859488,100.854111
50,6/26/2023,ศรีอยุธยา,พระรามที่ 6,7033,1494,136,1,30,77,22523,5311,337,9,219,322,5438,1249,75,0,29,78,44361,13.761811,100.525741
51,6/26/2023,ศรีอยุธยา,ศรีอยุธยา,5929,1083,55,5,15,38,19052,6627,192,14,217,288,4593,1244,37,2,34,50,39475,13.761811,100.525741
52,6/27/2023,อ่อนนุช - กิ่งแก้ว,กิ่งแก้ว,2478,851,66,0,34,0,9334,3554,141,0,448,0,3122,876,76,0,84,1,21065,13.722485,100.740022
53,6/27/2023,อ่อนนุช - กิ่งแก้ว,อ่อนนุช,4625,2003,116,6,97,10,14185,8116,409,22,688,28,3715,2177,99,9,95,2,36402,13.722485,100.740022
54,6/28/2023,ราชดำริ,ราชดำริ,3112,841,64,42,16,68,11711,3484,329,158,103,420,2503,552,67,28,13,143,23654,13.734444,100.538547
55,6/28/2023,ราชดำริ,สารสิน,2133,603,17,0,9,19,4619,1517,49,0,72,176,585,247,17,0,3,11,10077,13.734444,100.538547
56,6/29/2023,บุคคโล,เจริญนคร,4684,1211,54,1,39,52,18223,6952,238,4,873,284,4490,1191,65,0,69,83,38513,13.70304,100.488449
57,6/29/2023,บุคคโล,มไหสวรรย์,3295,826,85,1,49,66,12331,4415,237,3,550,338,3881,1400,77,0,54,88,27696,13.70304,100.488449
58,6/30/2023,อนุสาวรีย์ชัยสมรภูมิ,พญาไท,5357,1018,198,33,26,51,15101,3806,849,101,127,306,4090,967,202,35,7,69,32343,13.764911,100.538277
59,6/30/2023,อนุสาวรีย์ชัยสมรภูมิ,พหลโยธิน,5370,793,327,53,21,48,20339,4168,1495,187,113,133,4512,1194,357,37,29,41,39217,13.764911,100.538277
60,6/30/2023,อนุสาวรีย์ชัยสมรภูมิ,ราชวิถี,10038,2574,504,119,66,75,39919,11931,1973,380,440,411,9699,2442,517,83,42,117,81330,13.764911,100.538277
1, 2023-03-01,การเรือน,นครราชสีมา,2710,441,119,33,16,34,8369,2410,531,153,141,132,2230,454,106,26,16,20,17941,13.777762,100.511588
2, 2023-03-01,การเรือน,ราชวิถี,1482,341,150,1,15,9,6179,1761,535,4,162,45,893,271,140,1,9,1,11999,13.777762,100.511588
3, 2023-03-02,เจริญราษฎร์,เจริญราษฎร์,2036,481,3,1,32,18,7038,2361,16,3,292,87,2365,591,7,1,52,39,15423,13.689879,100.509424
4, 2023-03-02,เจริญราษฎร์,พระรามที่ 3,10560,2721,167,0,170,70,33402,14468,661,10,2571,223,6850,2233,122,2,218,33,74481,13.689879,100.509424
5, 2023-03-03,กำแพงเพชร,พหลโยธิน,7151,1628,380,36,45,52,31233,8057,1197,187,341,251,9191,1950,261,49,32,88,62129,13.79791736,100.5510587
6, 2023-03-03,กำแพงเพชร,กำแพงเพชร,2962,494,107,25,27,26,9891,2453,443,73,97,97,2128,453,96,9,8,21,19410,13.79791736,100.5510587
7, 2023-03-03,กำแพงเพชร,พหลโยธิน 18,363,36,0,0,0,19,507,151,0,0,5,99,258,44,0,0,0,18,1500,13.79791736,100.5510587
8, 2023-03-07,ประชาสงเคราะห์,ประชาสงเคราะห์,1784,443,69,22,13,39,6392,2702,178,69,198,249,1609,654,25,6,17,50,14519,13.76052306,100.55493
9, 2023-03-07,ประชาสงเคราะห์,ดินแดง,3271,1295,66,21,87,44,12953,5437,316,84,906,128,3703,1011,64,24,54,30,29494,13.76052306,100.55493
10, 2023-03-07,ประชาสงเคราะห์,อโศกดินแดง,3620,1007,60,2,109,2,13528,4968,232,17,642,14,2623,871,34,5,47,6,27787,13.76052306,100.55493
11, 2023-03-08,เลียบทางรถไฟสายใต้ - เอราวัณ ปาร์ค อเวนิว,เอราวัณ ปาร์ค อเวนิว,323,98,4,0,3,1,517,230,3,0,19,5,147,62,0,0,1,0,1413,13.77284514,100.4602143
12, 2023-03-08,เลียบทางรถไฟสายใต้ - เอราวัณ ปาร์ค อเวนิว,เลียบทางรถไฟสายใต้,1257,314,2,0,12,24,4397,1189,14,0,91,43,1762,432,3,0,9,12,9561,13.77284514,100.4602143
13, 2023-03-09,วัดสิงห์,เอกชัย 36,776,286,4,0,17,12,2860,1314,12,0,91,65,648,299,4,0,11,8,6407,13.68513166,100.4457443
14, 2023-03-09,วัดสิงห์,เอกชัย,1783,871,15,0,38,433,6903,4185,69,0,523,1207,1631,860,22,0,49,399,18988,13.68513166,100.4457443
15, 2023-03-09,เข้าออกกำนันแม้น,เอกชัย 36,1900,764,8,0,39,18,6158,3344,42,1,275,100,1801,770,12,0,19,18,15269,13.69429339,100.4374639
16, 2023-03-10,เอกชัย 69/1,เอกชัย 69/1,4,1,0,0,0,0,13,14,0,0,0,0,4,2,0,0,0,0,38,13.67836764,100.4337778
17, 2023-03-10,เอกชัย 69/1,เอกชัย,1894,2357,18,0,47,433,9124,6935,62,0,502,1404,2493,1805,20,0,38,302,27434,13.67836764,100.4337778
18, 2023-03-10,เอกชัย 89/9,เอกชัย 89/9,3,6,0,0,0,0,14,18,0,0,1,0,3,2,0,0,0,0,47,13.66607913,100.4113492
19, 2023-03-10,เอกชัย 89/9,เอกชัย,5622,3325,15,0,134,510,22015,11777,32,0,912,1783,5579,2800,10,0,137,463,55114,13.66607913,100.4113492
20, 2023-03-10,พระรามที่ 2 ซอย 20,พระรามที่ 2 ซอย 20,64,30,0,0,9,0,167,172,0,0,44,0,49,45,0,0,4,0,584,13.67991064,100.4688638
21, 2023-03-10,พระรามที่ 2 ซอย 20,พระรามที่ 2,2711,1063,204,2,83,26,7009,3723,545,1,423,47,1282,1030,135,1,79,10,18374,13.67991064,100.4688638
22, 2023-03-10,พระรามที่ 2 ซอย 28,พระรามที่ 2 ซอย 28,407,179,0,0,0,1,1684,1017,0,0,24,6,566,267,0,0,2,0,4153,13.67830331,100.4651102
23, 2023-03-10,พระรามที่ 2 ซอย 28,พระรามที่ 2 ,2876,960,144,1,38,30,10727,4406,541,4,260,142,2359,1135,107,1,39,23,23793,13.67830331,100.4651102
24, 2023-03-13,นวมินทร์ - แฮปปี้แลนด์,นวมินทร์,2840,762,159,9,31,23,11038,3311,613,71,295,50,2254,639,96,15,29,7,22242,13.78057545,100.6451746
25, 2023-03-13,นวมินทร์ - แฮปปี้แลนด์,แฮปปี้แลนด์,652,270,13,0,4,0,2744,954,102,1,17,5,1049,247,15,1,6,0,6080,13.78057545,100.6451746
26, 2023-03-14,ศรีนครินทร์ - ศรีนครินทร์ 38,ศรีนครินทร์,7522,2988,115,10,136,5,27768,11425,374,49,915,20,7845,2512,85,4,85,3,61861,13.70048219,100.6465294
27, 2023-03-14,ศรีนครินทร์ - ศรีนครินทร์ 38,ศรีนครินทร์ 38,246,115,0,0,1,0,544,278,0,0,2,0,118,40,0,0,0,0,1344,13.70048219,100.6465294
28, 2023-03-14,ศรีนครินทร์ 38 - อ่อนนุช 46,อ่อนนุช 46,351,126,0,0,2,0,1256,556,0,0,21,0,484,220,0,0,0,1,3017,13.698544,100.6384363
29, 2023-03-14,ศรีนครินทร์ 38 - อ่อนนุช 46,ศรีนครินทร์ 38,295,143,0,0,1,3,1506,666,0,0,14,3,651,280,0,0,3,0,3565,13.698544,100.6384363
30, 2023-03-20,ทางข้ามใกล้คลองวัดยาง,จรัญสนิทวงศ์,4190,965,156,2,45,98,16549,5109,538,8,335,392,4612,1322,154,3,32,156,34666,13.75144912,100.4697876
31, 2023-03-20,พาณิชยการธนบุรี,จรัญสนิทวงศ์,3754,889,145,6,47,136,16915,5687,512,15,309,508,5209,1384,143,3,49,158,35869,13.74139726,100.4705767
32, 2023-03-20,พาณิชยการธนบุรี,จรัญสนิทวงศ์ 13,881,229,0,0,2,4,2594,819,0,0,10,13,602,142,0,0,4,4,5304,13.74139726,100.4705767
33, 2023-03-21,โชคชัย 4,ลาดพร้าว 58,9,7,0,0,0,0,44,32,0,0,0,0,12,10,0,0,0,0,114,13.79485561,100.5937551
34, 2023-03-21,โชคชัย 4,ลาดพร้าว 53/1,774,156,3,0,2,3,1612,561,3,0,15,23,349,49,0,0,1,4,3555,13.79485561,100.5937551
35, 2023-03-21,โชคชัย 4,ลาดพร้าว,3083,763,261,1,19,62,11676,4477,1021,5,222,183,2488,815,196,1,29,20,25322,13.79485561,100.5937551
36, 2023-03-22,สุขุมวิท 49 - สุขุมวิท 32,สุขุมวิท 32,1,1,0,0,0,0,5,6,0,0,0,1,11,9,0,0,0,0,34,13.72647313,100.5753841
37, 2023-03-22,สุขุมวิท 49 - สุขุมวิท 32,สุขุมวิท 49,290,77,0,0,1,3,1209,340,0,0,10,9,247,60,0,0,2,3,2251,13.72647313,100.5753841
38, 2023-03-22,สุขุมวิท 49 - สุขุมวิท 32,สุขุมวิท,4824,1347,140,4,46,55,17882,5365,607,35,240,389,4621,1160,132,4,35,84,36970,13.72647313,100.5753841
39, 2023-03-23,นิด้า,ศรีบูรพา,2529,791,59,0,20,8,9352,3057,301,2,110,28,2273,719,82,0,16,3,19350,13.77274624,100.6545691
40, 2023-03-23,นิด้า,เสรีไทย,2821,1100,109,29,42,9,10349,4692,540,64,292,65,2585,1027,135,22,19,9,23909,13.77274624,100.6545691
41, 2023-03-24,ถนนตก,เจริญกรุง,1619,538,69,46,41,37,6507,2197,256,141,222,154,1889,562,78,31,35,52,14474,13.69720124,100.4970017
42, 2023-03-24,ถนนตก,พระรามที่ 3,5129,1441,117,9,65,59,19898,6061,462,28,427,392,4877,1311,96,2,50,82,40506,13.69720124,100.4970017
43, 2023-03-27,เอกชัย - กาญจนาภิเษก,กาญจนาภิเษก,10234,8106,59,9,2537,36,36965,36559,175,30,18117,75,13467,9237,47,9,3150,8,138820,13.66253348,100.4052034
44, 2023-03-27,เอกชัย - กาญจนาภิเษก,เอกชัย,4261,2354,8,0,230,104,16172,13920,32,0,2803,340,5379,3079,12,0,307,91,49092,13.66253348,100.4052034
45, 2023-03-28,ห้วยขวาง,รัชดาภิเษก,11096,1600,77,0,54,38,38038,9410,334,1,674,128,10221,2420,82,1,88,39,74301,13.7784566,100.5736377
46, 2023-03-28,ห้วยขวาง,ประชาสงเคราะห์,677,179,21,0,36,51,2576,837,111,0,96,134,769,220,15,0,20,28,5770,13.7784566,100.5736377
47, 2023-03-28,ห้วยขวาง,ประชาราษฎร์บำเพ็ญ,1690,389,5,0,26,22,5408,1203,8,0,184,91,879,230,0,0,15,24,10174,13.7784566,100.5736377
48, 2023-03-29,ประชาราษฎร์บำเพ็ญ - ประชาอุทิศ,ประชาอุทิศ,903,138,0,0,18,8,2200,495,0,1,70,37,445,111,0,0,13,1,4440,13.77720575,100.5799035
49, 2023-03-29,ประชาราษฎร์บำเพ็ญ - ประชาอุทิศ,ประชาราษฎร์บำเพ็ญ (SB),861,122,0,0,13,7,2690,862,0,0,56,49,510,157,0,0,18,10,5355,13.77720575,100.5799035
50, 2023-03-29,ประชาราษฎร์บำเพ็ญ - ประชาอุทิศ,ประชาราษฎร์บำเพ็ญ (EB),488,164,0,0,31,18,1853,730,0,0,155,54,683,142,0,0,25,16,4359,13.77720575,100.5799035
51, 2023-03-30,หนองแขม,เพชรเกษม 81,1719,965,12,5,26,8,6923,4316,43,6,246,55,1778,973,8,1,68,6,17158,13.67831904,100.3453223
52, 2023-03-30,หนองแขม,เลียบคลองภาษีเจริญฝั่งใต้,563,340,6,0,9,3,2121,1266,18,1,67,16,403,261,5,1,10,4,5094,13.67831904,100.3453223
53, 2023-03-31,เลียบคลองภาษีเจริญฝั่งเหนือ - เพชรเกษม 81,เพชรเกษม 81,1847,978,26,0,85,32,6351,3898,106,0,664,83,1830,1063,27,0,106,32,17128,13.68110266,100.3445286
54, 2023-03-31,เลียบคลองภาษีเจริญฝั่งเหนือ - เพชรเกษม 81,เลียบคลองภาษีเจริญฝั่งเหนือ,1153,632,15,0,115,16,3599,2742,63,0,466,49,983,672,14,0,99,15,10633,13.68110266,100.3445286
1,5/1/2023,ใต้ด่วนดินแดง,ดินแดงตัดใหม่,6,1,1,0,4,0,27,20,0,0,11,11,10,13,0,0,1,2,107,13.764166,100.547958
2,5/1/2023,ใต้ด่วนดินแดง,วิภาวดีรังสิต,4286,1172,66,4,82,15,18509,5059,292,31,454,81,4980,1018,65,17,40,32,36203,13.764166,100.547958
3,5/1/2023,ใต้ด่วนดินแดง,ดินแดง,6530,1704,210,34,82,55,28645,8155,893,145,604,315,7665,2066,231,50,76,76,57536,13.764166,100.547958
4,5/2/2023,อนุสาวรีย์ประชาธิปไตย,ดินสอ,2091,427,80,45,7,81,6809,2108,289,145,79,654,1589,412,35,28,15,149,15043,13.756786,100.501825
5,5/2/2023,อนุสาวรีย์ประชาธิปไตย,ราชดำเนิน,10431,2594,529,44,90,370,42272,14319,2443,84,1284,1864,11413,3095,505,22,117,511,91987,13.756786,100.501825
6,5/3/2023,ปทุมวัน,พญาไท,4664,812,199,2,33,119,20385,4363,814,15,162,1036,4088,977,188,4,24,274,38159,13.746339,100.530738
7,5/3/2023,ปทุมวัน,พระรามที่ 1,3050,727,180,0,22,65,11800,3291,671,0,124,614,2634,704,170,0,10,232,24294,13.746339,100.530738
8,5/8/2023,วุฒากาศ,วุฒากาศ,1145,272,11,0,7,135,3213,1066,50,0,46,415,616,173,12,0,5,79,7245,13.719522,100.472521
9,5/8/2023,วุฒากาศ,ซอยมะลิ,13,8,0,0,0,1,53,11,0,0,0,4,6,3,0,0,0,0,99,13.719522,100.472521
10,5/8/2023,วุฒากาศ,เทอดไท,786,274,32,2,14,202,3068,1177,108,13,77,636,809,293,15,2,6,133,7647,13.719522,100.472521
11,5/9/2023,พุทธมณฑลสาย 3,พุทธมณฑลสาย 3,1024,550,5,0,113,3,4721,2718,43,0,686,22,1111,588,13,0,51,5,11653,13.707395,100.36402
12,5/9/2023,พุทธมณฑลสาย 3,เพชรเกษม,5714,2612,204,4,566,25,18771,12338,759,12,2643,84,5007,2618,209,1,452,20,52039,13.707395,100.36402
13,5/10/2023,นวมินทร์ - ศรีบูรพา,นวมินทร์ ,3001,1052,138,14,37,26,12795,4778,657,68,413,66,4060,1149,145,25,34,11,28469,13.784114,100.647524
14,5/10/2023,นวมินทร์ - ศรีบูรพา,นวมินทร์ 51,96,27,0,0,2,1,379,177,0,0,5,2,73,22,0,0,2,1,787,13.784114,100.647524
15,5/10/2023,นวมินทร์ - ศรีบูรพา,ศรีบูรพา,792,231,49,3,5,2,3018,1145,185,14,77,17,1001,329,36,5,13,3,6925,13.784114,100.647524
16,5/11/2023,ตากสิน,สมเด็จพระเจ้าตากสิน,3571,1107,141,25,51,214,16964,6738,651,140,578,813,5307,1882,203,33,83,194,38695,13.721194,100.49138
17,5/11/2023,ตากสิน,ราชพฤกษ์,7267,1439,9,0,74,8,19053,5291,48,3,592,42,4195,1057,8,0,95,11,39192,13.721194,100.49138
18,5/11/2023,ตากสิน,กรุงธนบุรี,4137,1268,55,0,85,76,16396,7341,234,3,769,187,4679,1590,65,0,94,39,37018,13.721194,100.49138
19,5/12/2023,ตึกชัย,พระรามที่ 6,5854,978,124,8,16,59,18427,3993,450,14,143,226,4359,1003,107,2,18,53,35834,13.769192,100.528776
20,5/12/2023,ตึกชัย,ราชวิถี,3124,787,175,19,17,29,13724,4316,612,41,178,138,3525,830,188,8,15,14,27740,13.769192,100.528776
21,5/15/2023,รามคำแหง - ร่มเกล้า,ร่มเกล้า,3109,1508,97,3,365,4,11739,6039,333,7,2304,21,2962,1389,81,3,206,3,30173,13.812364,100.736805
22,5/15/2023,รามคำแหง - ร่มเกล้า,รามคำแหง,5570,3014,97,6,220,7,16975,12593,470,17,1973,35,4402,2189,155,4,262,3,47992,13.812364,100.736805
23,5/16/2023,ลาซาล,สุขุมวิท,5549,1871,216,1,243,24,17466,7401,818,13,2069,49,3925,1831,266,4,213,7,41966,13.662236,100.602276
24,5/16/2023,ลาซาล,สุขุมวิท 105,190,75,0,0,1,1,836,428,1,0,6,0,206,77,2,0,0,1,1824,13.662236,100.602276
25,5/18/2023,สุรศักดิ์,มเหสักข์,1010,190,3,1,10,9,3838,1468,16,2,68,36,552,129,4,0,4,11,7351,13.723195,100.519223
26,5/18/2023,สุรศักดิ์,สีลม,3242,588,124,17,12,44,14488,3246,513,46,100,215,2859,501,114,13,20,46,26188,13.723195,100.519223
27,5/19/2023,ประชาเกษม,ประชาธิปไตย,2488,630,83,30,9,51,8597,2560,303,74,123,361,1328,328,28,13,10,34,17050,13.76632,100.506625
28,5/19/2023,ประชาเกษม,นครราชสีมา,377,109,24,22,1,7,1344,327,89,39,11,38,757,139,25,13,4,7,3333,13.76632,100.506625
29,5/19/2023,ประชาเกษม,กรุงเกษม,977,219,33,0,5,36,2737,805,101,0,39,103,604,204,21,0,3,26,5913,13.76632,100.506625
30,5/22/2023,สะพานควาย,พหลโยธิน,4377,829,289,8,13,60,13269,3596,1140,35,105,263,3485,768,240,14,16,52,28559,13.789771,100.548281
31,5/22/2023,สะพานควาย,ประดิพัทธ์,1092,313,44,1,11,36,3656,1247,193,4,97,150,1063,256,43,2,11,19,8238,13.789771,100.548281
32,5/22/2023,สะพานควาย,สุทธิสาร,1016,179,15,10,7,50,3387,977,73,44,117,139,863,141,19,8,10,35,7090,13.789771,100.548281
33,5/23/2023,ราชวัตร,พระรามที่ 5,2386,398,34,1,21,72,5505,1875,105,4,99,189,1370,430,20,0,13,28,12550,13.779516,100.522359
34,5/23/2023,ราชวัตร,นครไชยศรี,1029,249,15,8,6,38,3541,1132,59,35,59,160,930,216,13,14,7,28,7539,13.779516,100.522359
35,5/24/2023,สุวินทวงศ์ - ราษฎร์อุทิศ,ราษฎร์อุทิศ,2035,957,7,0,10,1,3426,2151,14,0,130,11,864,743,7,1,33,1,10391,13.815426,100.75154
36,5/24/2023,สุวินทวงศ์ - ราษฎร์อุทิศ,สุวินทวงศ์ ,4352,1726,32,7,350,4,10363,6750,116,23,2107,26,3885,1784,38,6,300,6,31875,13.815426,100.75154
37,5/24/2023,ปากซอยเลียบวารี 59,เลียบวารี,2679,1878,23,1,77,0,6915,5941,90,9,862,6,1659,1297,28,4,56,0,21525,13.852838,100.819078
38,5/25/2023,บรมราชชนนี,จรัญสนิทวงศ์,8382,1695,196,5,70,93,21548,5359,558,16,304,280,5524,1267,105,0,30,107,45539,13.773394,100.481885
39,5/25/2023,บรมราชชนนี,บรมราชชนนี,4788,1095,159,28,23,54,19495,5265,628,71,308,184,5704,1263,173,15,24,60,39337,13.773394,100.481885
40,5/25/2023,บรมราชชนนี,สมเด็จพระปิ่นเกล้า,4505,780,135,1,24,35,18715,3565,496,8,289,174,7078,1190,146,3,49,45,37238,13.773394,100.481885
41,5/29/2023,ราชประสงค์,ราชดำริ,3116,640,99,17,5,62,11735,2652,448,99,78,630,2514,538,125,22,6,164,22950,13.744551,100.54025
42,5/29/2023,ราชประสงค์,พระรามที่ 1,635,178,27,0,1,11,3602,1057,161,0,7,80,600,210,30,0,1,8,6608,13.744551,100.54025
43,5/29/2023,ราชประสงค์,เพลินจิต,3426,459,18,2,5,35,15224,2618,172,6,32,263,3643,641,61,2,5,64,26676,13.744551,100.54025
44,5/30/2023,ทางเข้าออกเซ็นทรัลเวิลดิ์,ราชดำริ,229,114,0,0,2,17,1243,463,3,0,5,72,120,50,3,0,1,40,2362,13.748029,100.540729
45,5/30/2023,ทางเข้าออกเซ็นทรัลเวิลดิ์,ทางเข้าออกเซ็นทรัลเวิลดิ์,223,106,0,0,1,9,2519,861,3,1,32,172,789,104,4,0,10,15,4849,13.748029,100.540729
46,5/30/2023,ทางออกบิ๊กซี,ทางออกบิ๊กซี,5,7,0,0,0,0,1049,540,0,0,1,138,266,113,0,0,0,31,2150,13.747552,100.540716
47,5/30/2023,ทางเข้าบิ๊กซี และรร.อโนมา,ราชดำริ,110,45,1,0,1,3,590,412,9,0,4,30,45,35,14,0,1,2,1302,13.746837,100.540659
48,5/30/2023,ทางเข้าบิ๊กซี และรร.อโนมา,ทางเข้าบิ๊กซี และรร.อโนมา,4,0,1,0,0,0,103,68,11,0,0,4,7,5,12,0,1,0,216,13.746837,100.540659
49,5/30/2023,ทางเข้าออกเกษรทาวเวอร์,ราชดำริ,119,45,0,0,0,0,490,293,0,0,1,2,47,19,0,0,0,2,1018,13.746351,100.540521
50,5/30/2023,ทางเข้าออกเกษรทาวเวอร์,ทางเข้าออกเกษรทาวเวอร์,247,68,0,0,0,5,724,348,0,0,5,24,296,57,0,0,0,13,1787,13.746351,100.540521
51,5/31/2023,ประตูน้ำ,ราชดำริ,2642,610,80,14,12,92,12502,3234,466,64,99,679,3446,1034,134,15,23,160,25306,13.750043,100.541062
52,5/31/2023,ประตูน้ำ,ราชปรารภ,1141,288,83,19,11,34,706,226,436,69,30,264,104,42,99,14,4,65,3635,13.750043,100.541062
53,5/31/2023,ประตูน้ำ,เพชรบุรี,5187,1318,164,2,42,139,18306,5518,908,13,276,1377,4536,1072,205,5,20,442,39530,13.750043,100.541062
1,11/1/2023,หนองระแหง - คู่ขนานกาญจนาภิเษก,คู่ขนานกาญจนาภิเษก,484,216,0,0,53,0,773,685,0,0,506,1,321,239,0,0,106,0,3384,13.90539211,100.6980413
2,11/1/2023,หนองระแหง - คู่ขนานกาญจนาภิเษก,หนองระแหง,209,102,0,0,5,0,209,244,0,0,48,0,55,41,0,0,2,0,915,13.90539211,100.6980413
3,11/1/2023,หนองระแหง - หทัยราษฎร์,หนองระแหง,101,100,0,0,4,0,359,257,0,0,21,3,98,49,0,0,2,0,994,13.91767981,100.7175884
4,11/1/2023,หนองระแหง - หทัยราษฎร์,หทัยราษฎร์,2339,1316,5,6,68,0,7200,4419,16,11,542,3,2936,1702,1,4,92,0,20660,13.91767981,100.7175884
5,11/2/2023,อุดมสุข,สุขุมวิท,4561,1433,222,28,77,9,16168,7116,905,163,1434,39,4335,1385,200,44,173,9,38301,13.67889374,100.6091371
6,11/2/2023,อุดมสุข,สุขุมวิท 103,1413,451,10,0,5,6,4124,1563,35,0,83,12,1269,365,7,0,9,3,9355,13.67889374,100.6091371
7,11/2/2023,ปากซอยวชิรธรรมสาธิต 12,สุขุมวิท 101/1,1682,363,0,5,14,96,4532,1637,0,18,98,214,1081,563,0,5,16,14,10338,13.68435911,100.6141725
8,11/3/2023,ทางข้ามบริเวณสวนสาธารณะทางลงจากมอเตอร์เวย์ ,ศรีนครินทร์,10128,2683,46,2,86,5,30710,10359,303,5,952,24,5282,2148,95,1,104,5,62938,13.74119221,100.6423958
9,11/3/2023,พัฒนาการ - พัฒนาการ 53,พัฒนาการ 53,849,305,0,0,4,0,3091,1182,0,0,98,0,792,255,0,0,12,0,6588,13.73253569,100.6489607
10,11/3/2023,พัฒนาการ - พัฒนาการ 53,พัฒนาการ,4940,1203,41,0,53,6,17287,6302,134,0,603,32,4989,1596,27,0,45,5,37263,13.73253569,100.6489607
11,11/6/2023,สวนหลวง,ศรีนครินทร์,10253,2538,179,12,112,13,37439,14495,423,34,1104,13,10782,3850,91,6,178,9,81531,13.71284603,100.6437462
12,11/6/2023,สวนหลวง,อ่อนนุช,6289,1985,34,16,114,8,16573,8173,152,51,900,35,4101,2124,30,11,90,9,40695,13.71284603,100.6437462
13,11/7/2023,หน้าวัดอมรินทรารามวิหาร,พระนเรศวรมหาราช,1554,470,28,25,11,80,5194,1738,40,61,53,273,1200,402,10,16,7,56,11218,13.760557,100.482976
14,11/7/2023,ป้อมเผด็จ,ถนนสนามไชย,1972,389,83,39,18,73,6027,2617,495,119,85,538,1909,574,81,18,2,82,15121,13.75246394,100.4935693
15,11/7/2023,ป้อมเผด็จ,ถนนราชดำเนินใน,1348,312,44,6,8,44,3378,1065,279,25,84,820,435,169,53,5,5,154,8234,13.75246394,100.4935693
16,11/7/2023,ป้อมเผด็จ,ถนนหน้าพระลาน,32,10,1,0,1,5,136,41,3,0,18,15,10,7,0,0,6,4,289,13.75246394,100.4935693
17,11/7/2023,ป้อมเผด็จ,ถนนหลักเมือง,42,8,0,0,0,4,354,66,0,0,0,22,25,7,0,0,0,0,528,13.75246394,100.4935693
18,11/8/2023,หน้าโรงเรียนนานาชาติสิงคโปร์,ราชมนตรี 8,570,307,0,0,24,0,1443,1252,1,0,124,4,395,270,0,0,17,1,4408,13.732333,100.420445
19,11/8/2023,วัดไชยฉิมพลี,เพชรเกษม 48,593,212,0,0,4,4,1699,925,0,0,50,11,583,216,0,0,4,3,4304,13.73718981,100.4336692
20,11/8/2023,วัดไชยฉิมพลี,บางแวก,1463,544,0,0,14,0,5334,2449,0,0,134,14,1713,892,0,0,8,3,12568,13.73718981,100.4336692
21,11/9/2023,เสนานิคม 1 ซอย 17,เสนานิคม 1,2597,457,2,1,12,298,7027,2156,1,0,139,624,1625,592,1,0,8,123,15663,13.83350309,100.5855839
22,11/9/2023,ลาดพร้าววังหิน - โชคชัย 4,ลาดพร้าววังหิน,2538,559,1,0,16,102,7371,2339,1,0,143,347,1639,615,0,0,17,118,15806,13.82444538,100.5916745
23,11/9/2023,ลาดพร้าววังหิน - โชคชัย 4,ลาดพร้าววังหิน 79,219,73,0,0,9,2,1188,340,0,0,37,14,307,80,0,0,8,3,2280,13.82444538,100.5916745
24,11/9/2023,ลาดพร้าววังหิน - โชคชัย 4,โชคชัย 4,665,128,0,0,8,27,2236,850,0,0,65,124,663,191,0,0,9,39,5005,13.82444538,100.5916745
25,11/10/2023,กรุงเทพกรีฑา - ศรีนครินทร์ร่มเกล้า,ถนนกรุงเทพกรีฑา (NB),782,296,11,0,11,1,2612,1251,28,2,150,2,977,378,5,0,18,0,6524,13.74791713,100.6566814
26,11/10/2023,กรุงเทพกรีฑา - ศรีนครินทร์ร่มเกล้า,ซอยกรุงเทพกรีฑา 7,1051,347,0,0,17,2,4022,1863,0,0,49,7,1126,632,0,0,5,2,9123,13.74791713,100.6566814
27,11/10/2023,กรุงเทพกรีฑา - ศรีนครินทร์ร่มเกล้า,ถนนกรุงเทพกรีฑา (EB),4215,1677,25,0,64,7,14763,7087,54,0,696,16,4436,2102,12,0,79,1,35234,13.74791713,100.6566814
28,11/10/2023,กรุงเทพกรีฑา - ศรีนครินทร์ร่มเกล้า,ถนนศรีนครินทร์-ร่มเกล้า,5289,1495,16,1,90,2,11076,4271,26,0,689,7,3168,866,8,0,84,4,27092,13.74791713,100.6566814
29,11/13/2023,กรุงเทพกรีฑา 20,กรุงเทพกรีฑา 20,412,140,0,0,16,0,1554,636,1,0,67,14,480,151,0,0,12,0,3483,13.74150927,100.6825523
30,11/13/2023,กรุงเทพกรีฑา 20,กรุงเทพกรีฑา 37,94,61,0,0,4,0,409,253,0,0,11,0,48,38,0,0,1,1,920,13.74150927,100.6825523
31,11/13/2023,กรุงเทพกรีฑา 20,กรุงเทพกรีฑา,1365,533,12,0,25,9,4034,2434,49,0,123,25,850,463,15,0,21,3,9961,13.74150927,100.6825523
32,11/14/2023,ปากซอยเสรีไทย 23,เสรีไทย,4770,1587,62,23,15,5,13925,5682,293,119,532,24,3322,1145,65,20,19,7,31615,13.77710903,100.6623063
33,11/14/2023,หมู่บ้านสหกรณ์,ทางเข้าหมู่บ้านสหกรณ์,561,202,0,0,7,1,1163,443,0,0,17,1,426,149,0,0,4,0,2974,13.78587214,100.6755823
34,11/14/2023,หมู่บ้านสหกรณ์,เสรีไทย,5201,1755,82,33,63,3,15786,7234,407,108,579,8,4527,1781,125,28,54,3,37777,13.78587214,100.6755823
35,11/15/2023,ลาดพร้าว - มหาดไทย ,มหาดไทย,334,79,0,0,0,0,1622,448,0,0,75,0,279,63,0,0,2,0,2902,13.77775508,100.6242245
36,11/15/2023,ลาดพร้าว - มหาดไทย ,ลาดพร้าว,3285,992,288,3,54,8,14416,5810,830,5,378,21,3146,1015,175,0,35,7,30468,13.77775508,100.6242245
37,11/15/2023,รามคำแหง - มหาดไทย,รามคำแหง 65,1574,530,0,0,3,37,6066,2045,0,0,22,141,1625,606,0,0,3,38,12690,13.76035324,100.6244883
38,11/15/2023,รามคำแหง - มหาดไทย,รามคำแหง,4962,1058,135,22,72,58,16804,5053,676,55,299,117,4476,1307,163,22,31,42,35352,13.76035324,100.6244883
39,11/16/2023,ศูนย์วิจัย - เพชรบุรี,ศูนย์วิจัย,478,206,5,0,12,2,1620,700,11,0,21,8,352,155,0,0,1,0,3571,13.74478365,100.5847263
40,11/16/2023,ศูนย์วิจัย - เพชรบุรี,เพชรบุรี,4184,1233,168,5,47,26,17387,6669,564,4,468,149,6083,1572,90,3,44,10,38706,13.74478365,100.5847263
41,11/17/2023,ใต้ด่วนสุรวงศ์,เลียบใต้ทางด่วนศรีรัช,1751,417,6,0,16,9,6910,2102,34,0,70,48,1421,438,11,0,15,12,13260,13.725563,100.5173654
42,11/17/2023,ใต้ด่วนสุรวงศ์,ถนนสุรวงศ์,1879,399,79,16,19,78,7739,2241,244,106,115,611,2288,1041,101,42,65,190,17253,13.725563,100.5173654
43,11/17/2023,สุรวงศ์,เจริญกรุง,2088,331,23,28,9,85,5485,1754,136,107,125,323,1467,460,40,25,24,31,12541,13.72541408,100.5162408
44,11/17/2023,สุรวงศ์,สุรวงศ์,1871,542,54,13,5,73,6512,1872,281,106,175,491,1398,385,106,42,24,231,14181,13.72541408,100.5162408
45,11/20/2023,ด่วนสาธุ,สาธุประดิษฐ์,3168,685,14,0,20,20,9043,3347,62,0,112,56,2844,1206,18,0,12,14,20621,13.695257,100.532998
46,11/20/2023,ด่วนสาธุ,รัชดาภิเษก,9301,2169,106,6,48,28,32089,10161,546,26,1022,177,8921,2695,152,6,140,31,67624,13.695257,100.532998
47,11/21/2023,คลองเตย,สุนทรโกษา,1518,379,29,9,12,12,3803,1440,151,34,37,41,726,150,48,9,9,10,8417,13.72086813,100.5575753
48,11/21/2023,คลองเตย,พระรามที่ 4,3708,1154,99,7,111,101,18642,7042,417,28,388,361,4354,1461,63,3,32,99,38070,13.72086813,100.5575753
49,11/22/2023,จปร.,ถนนราชดำเนินนอก,2753,868.4,38,1,30,35,11279,4013,167,0,234,136,4683,1061,37,0,24,12,25371.4,13.759962,100.507669
50,11/22/2023,จปร.,ถนนวิสุทธิกษัตริย์,3032,639,6,0,12,12,7353,2860,48,1,95,60,1201,557,5,0,10,5,15896,13.759962,100.507669
51,11/22/2023,จปร.,ถนนจักรพรรดิพงษ์,1302,314,1,0,5,11,4139,2132,2,0,33,41,1379,327,0,0,4,13,9703,13.759962,100.507669
52,11/23/2023,ราชวิถี,พระรามที่ 5,3517,649,17,0,31,23,9201,3031,49,2,206,172,2486,553,13,0,15,30,19995,13.773841,100.519036
53,11/23/2023,ราชวิถี,ราชวิถี,1246,376,77,0,12,3,4809,2039,297,1,159,19,1351,654,88,0,12,6,11149,13.773841,100.519036
54,11/24/2023,รัชดา - สุทธิสาร,รัชดาภิเษก,10259,2386,143,0,94,32,31124,10345,659,5,871,150,8939,2642,134,0,64,18,67865,13.7898728,100.5741353
55,11/24/2023,รัชดา - สุทธิสาร,สุทธิสารวินิจฉัย,1893,418,0,0,7,13,6892,2421,2,0,96,76,1643,628,0,0,13,28,14130,13.7898728,100.5741353
56,11/27/2023,สุโขทัย,พระรามที่ 5,2897,593,20,1,17,36,7264,2078,78,0,89,114,2726,431,15,0,17,45,16421,13.776606,100.520704
57,11/27/2023,สุโขทัย,สุโขทัย,2480,429,48,15,16,24,7779,2169,146,69,109,95,2018,604,65,20,14,7,16107,13.776606,100.520704
58,11/28/2023,อังรีดูนังต์,สุรวงศ์,1204,181,6,0,6,9,3944,915,33,0,31,60,1053,140,8,0,3,14,7607,13.730903,100.533651
59,11/28/2023,อังรีดูนังต์,อังรีดูนังต์,2218,511,6,3,5,29,7493,2437,36,10,49,154,1804,615,4,2,4,19,15399,13.730903,100.533651
60,11/28/2023,อังรีดูนังต์,พระรามที่ 4,7007,1498,128,3,68,82,24328,5757,616,10,326,364,5334,1223,135,5,43,64,46991,13.730903,100.533651
61,11/29/2023,บางรัก,เจริญกรุง,2441,518,81,35,17,82,5938,1845,315,158,99,456,1665,384,80,36,5,105,14260,13.722242,100.516645
62,11/29/2023,บางรัก,เจริญกรุง 42,78,33,0,0,0,5,74,27,0,0,0,23,12,7,0,0,0,7,266,13.722242,100.516645
63,11/29/2023,บางรัก,สีลม,1111,255,29,6,7,13,4405,1204,132,16,63,152,996,249,25,8,3,35,8709,13.722242,100.516645
64,11/30/2023,เกษะโกมล,พระรามที่ 5,3106,824,28,2,13,25,9471,2889,108,0,140,94,2403,637,31,0,26,25,19822,13.783405,100.524399
65,11/30/2023,เกษะโกมล,อำนวยสงคราม,915,146,15,0,12,6,2246,634,48,0,56,51,482,198,12,0,6,5,4832,13.783405,100.524399
66,11/30/2023,เกษะโกมล,เศรษฐศิริ,967,126,2,0,5,7,2037,545,14,4,32,14,536,136,2,0,5,3,4435,13.783405,100.524399
1,10/2/2023,ค.ป.อ.,พหลโยธิน,4391,1596,177,16,51,4,16750,6848,619,53,892,26,4279,1784,148,12,107,6,37759,13.9235385,100.6250562
2,10/2/2023,ค.ป.อ.,ธูปเตมีย์,1638,442,3,0,2,1,4841,1151,5,0,15,1,1058,242,0,0,2,0,9401,13.9235385,100.6250562
3,10/2/2023,ค.ป.อ.,จันทรุเบกษา,3002,640,6,3,9,1,7526,2685,18,9,129,5,1907,775,5,1,12,1,16734,13.9235385,100.6250562
4,10/3/2023,ฤทธิยะวรรณาลัย,พหลโยธิน,2911,1043,178,4,11,7,10809,4737,546,19,67,17,2711,1144,141,4,13,6,24368,13.915667,100.620442
5,10/3/2023,ฤทธิยะวรรณาลัย,ทางเข้าออกอากาศโยธิน,433,137,0,0,0,0,1044,335,0,0,1,0,201,60,0,0,1,0,2212,13.915667,100.620442
6,10/3/2023,ฤทธิยะวรรณาลัย,ช่องทางท่าดินแดง 5,744,181,0,0,0,0,2059,425,0,0,3,0,829,221,0,0,0,0,4462,13.915667,100.620442
7,10/4/2023,ประเสริฐมนูกิจ 29,มัยลาภ,59,24,0,0,0,0,371,93,0,0,3,0,141,45,0,0,0,0,736,13.8320385,100.6132028
8,10/4/2023,ประเสริฐมนูกิจ 29,ประเสริฐมนูกิจ 29,643,271,1,0,8,0,2325,1082,17,0,49,0,652,243,2,0,5,0,5298,13.8320385,100.6132028
9,10/4/2023,ประเสริฐมนูกิจ 29,ประเสริฐมนูกิจ,8740,2395,39,0,95,3,29923,11599,181,0,1488,8,7205,2527,49,0,169,4,64425,13.8320385,100.6132028
10,10/5/2023,ปากซอยประชาชื่น 37,ประชาชื่น,2095,517,15,0,13,9,10147,3284,101,1,138,63,2398,787,24,0,19,13,19624,13.84083609,100.5414099
11,10/5/2023,หน้าโรงเรียนอนุบาลแสงโสม,ประชาชื่น,3669,691,45,0,41,5,14415,3713,201,1,258,13,3236,847,43,0,30,3,27211,13.83580765,100.5402359
12,10/5/2023,หน้าตลาดบองมาเช่,เทศบาลสงเคราะห์,2521,509,5,0,74,2,10133,2704,32,0,282,31,2606,958,9,0,34,16,19916,13.83970998,100.5507624
13,10/6/2023,ปากซอยประชาชื่น 29,ประชาชื่น,2558,717,57,0,6,5,8980,3285,200,1,183,35,2625,921,56,0,29,8,19666,13.82731749,100.5382213
14,10/6/2023,หน้าอาคารสุขประพฤติ,ประชาชื่น,3037,506,51,0,8,17,10630,2852,120,0,48,128,2702,570,27,0,10,26,20732,13.81471602,100.5352925
15,10/6/2023,หน้าคอนโด เมโทร สกาย,ประชาชื่น,3110,560,47,0,30,12,9972,3049.7,161,0,291,58,2492,737,49,0,17,21,20606.7,13.82221063,100.5370607
16,10/9/2023,ผ่านฟ้าลีลาศ,บริพัตร,5,6,0,0,1,3,82,29,0,0,5,16,11,8,0,0,1,6,173,13.756331,100.505903
17,10/9/2023,ผ่านฟ้าลีลาศ,ราชดำเนินกลาง,4575,839,92,1,25,38,14766,3671,448,0,117,271,3729,892,119,0,5,87,29675,13.756331,100.505903
18,10/9/2023,ผ่านฟ้าลีลาศ,ปรินายก,18,4,0,0,0,3,59,15,0,0,0,6,17,3,0,0,0,0,125,13.756331,100.505903
19,10/9/2023,ผ่านฟ้าลีลาศ,ราชดำเนินนอก,331,64,27,0,4,13,1656,396,139,0,36,56,322,62,36,0,0,9,3151,13.756331,100.505903
20,10/9/2023,ผ่านฟ้าลีลาศ,นครสวรรค์,14,5,0,0,0,0,207,91,0,0,22,33,57,38,0,0,3,1,471,13.756331,100.505903
21,10/9/2023,ผ่านฟ้าลีลาศ,หลานหลวง,1232,384,109,2,20,53,5996,2070,455,3,171,311,1605,546,71,2,26,79,13135,13.756331,100.505903
22,10/7/2023,      ใต้ทางด่วนศรีรัช          (ใกล้ซอยประชาชื่น 30),ประชาชื่น,6588,988,43,1,29,8,20598,4702,209,0,198,38,3865,792,46,0,18,6,38129,13.83304426,100.5395812
23,10/7/2023,ปากซอยวงศ์สว่าง 29,วงศ์สว่าง,1594,477,127,0,26,10,6137,1772,488,3,144,48,1676,338,96,1,15,9,12961,13.82726808,100.5272148
24,10/7/2023,หน้าศูนย์มาสด้าพระราม 7,พิบูลสงคราม,6249,1101,91,0,82,20,20992,6548,362,2,498,47,4691,1280,128,1,20,2,42114,13.81944811,100.5115023
25,10/11/2023,หน้าบริษัท คริสเตียนีและนีลเส็น,ลาซาล,2370,1141,1,0,12,0,9355,4404,0,0,262,7,2414,1001,0,0,20,2,20989,13.66048017,100.626215
26,10/11/2023,ลาซาล - แบริ่งลาซาล,ลาซาล,905,469,0,0,22,1,3784,1922,0,0,139,2,909,440,0,0,17,0,8610,13.66075106,100.6249357
27,10/11/2023,ลาซาล - แบริ่งลาซาล,แบริ่งลาซาล,1919,652,1,2,22,2,7722,2907,1,10,157,8,2072,891,2,1,9,0,16378,13.66075106,100.6249357
28,10/12/2023,หน้าโรงเรียนกุลวรรณ,ประชาราษฎร์สาย 1,4654,913,67,0,47,27,15501,5345,189,3,208,85,3098,1041,52,1,21,28,31280,13.81123666,100.5218133
29,10/12/2023,หน้าคอนโด เดอะทรี อินเตอร์เชน,ประชาราษฎร์สาย 2,2407,363,32,0,15,17,8941,1943,135,0,77,112,1797,369,36,0,11,46,16301,13.80635767,100.5251442
30,10/12/2023,หน้าคอนโด ชีวาทัย เรสซิเดนซ์,ประชาราษฎร์สาย 2,2350,312,28,0,5,35,9234,1960,159,0,56,139,1917,400,40,0,14,48,16697,13.80633127,100.5223743
31,10/16/2023,หน้าตลาดพิบูลย์วิทย์,กำนันแม้น,1779,507,10,0,18,21,5727,3208,31,0,120,62,1455,944,8,1,8,15,13914,13.68701162,100.4441098
32,10/16/2023,หน้าตลาดพิบูลย์วิทย์,กำนันแม้น 8,72,23,0,0,0,0,152,84,0,0,1,4,46,27,0,0,1,0,410,13.68701162,100.4441098
33,10/17/2023,หน้า ธ.กรุงเทพ สาขาเตาปูน,ประชาราษฎร์สาย 2,3796,535,82,0,12,66,11161,2913,353,2,170,360,2888,706,109,0,17,153,23323,13.8059251,100.5325315
34,10/17/2023,หน้าโรงรับจำนำบางซื่อ,ประชาราษฎร์สาย 2,5579,768,97,0,42,99,17107,4904,383,1,294,496,5942,1712,96,0,17,134,37671,13.80550754,100.5337258
35,10/17/2023,ปากซอยกรุงเทพ - นนทบุรี 20,กรุงเทพ - นนทบุรี ,2885,441,68,0,11,42,8478,2843,299,0,113,260,2275,746,67,0,12,64,18604,13.81307097,100.5316927
36,10/17/2023,หน้าตลาดยิปซี,กรุงเทพ - นนทบุรี,2405,488,67,0,24,79,9424,2579,258,0,97,186,1949,607,40,0,9,12,18224,13.82227699,100.5326292
37,10/18/2023,สาธุ - จันทน์,จันทน์,1070,431,33,0,10,23,3649,1363.3,113,0,90,85,815,280,19,0,27,18,8026.3,13.70588472,100.528701
38,10/18/2023,สาธุ - จันทน์,สาธุประดิษฐ์,1757,496,18,0,33,72,6814,2601,85,0,202,172,1548,572,22,0,39,37,14468,13.70588472,100.528701
39,10/18/2023,ปากซอยนราธิวาส 28,นราธิวาสราชนครินทร์,2368,703,60,1,10,13,9395,3356,328,0,189,87,2531,804,61,0,13,25,19944,13.69741522,100.5439124
40,10/19/2023,วิสุทธิกษัตริย์,ประชาธิปไตย,1153,271,81,29,14,61,3758,1475,351,115,120,475,662,284,72,31,17,114,9083,13.76244304,100.5043261
41,10/19/2023,วิสุทธิกษัตริย์,วิสุทธิกษัตริย์,5519,1021,14,0,17,19,15391,5729,53,0,276,277,3500,1172,12,0,40,68,33108,13.76244304,100.5043261
42,10/20/2023,สะพานดำ,พระรามที่ 6,2895,518,19,3,24,44,13444,3106,102,12,201,155,3087,861,29,3,20,22,24545,13.79700608,100.5383852
43,10/20/2023,สะพานดำ,กำแพงเพชร 5,1,0,0,0,0,0,3,2,0,0,0,3,0,0,0,0,0,0,9,13.79700608,100.5383852
44,10/20/2023,สะพานดำ,กำแพงเพชร,1738,332,3,0,24,15,4778,1609,21,0,179,87,1049,251,6,0,9,17,10118,13.79700608,100.5383852
45,10/24/2023,ปากซอยประดิษฐ์มนูธรรม 15,ประดิษฐ์มนูธรรม,6975,1932,18,4,140,7,34633,12298,74,18,1276,51,8500,3299,19,5,207,18,69474,13.80333356,100.6161615
46,10/24/2023,ทางเข้าถนนสุคนธสวัสดิ์,ประดิษฐ์มนูธรรม,7971,2292,97,0,199,3,26584,9176,379,5,1295,11,6696,2271,95,0,162,1,57237,13.83550996,100.6317184
47,10/25/2023,หน้าโรงแรมโฟร์วิงส์,ศรีนครินทร์,3890,1495,93,0,106,10,13418,7013,331,2,430,25,2667,1672,50,0,41,3,31246,13.7542325,100.6459176
48,10/25/2023,สามแยกบางกะปิ,ศรีนครินทร์,948,460,118,6,58,34,4273,2162,374,29,204,73,1056,458,90,5,8,20,10376,13.766064,100.645356
49,10/25/2023,สามแยกบางกะปิ,ลาดพร้าว,2743,753,279,49,25,66,9810,3708,878,74,188,134,2343,959,210,24,23,42,22308,13.766064,100.645356
50,10/26/2023,บรมราชชนนี,จรัญสนิทวงศ์,7209,1524,117,7,48,127,24815,6948,461,14,311,379,6379,1579,102,2,38,115,50175,13.773314,100.481908
51,10/26/2023,บรมราชชนนี,บรมราชชนนี,10818,2809,297,24,114,131,40109,9798,1141,38,487,488,11565,2774,256,1,31,134,81015,13.773314,100.481908
52,10/30/2023,หน้าโลตัสเลียบคลองสอง,เลียบคลองสอง,4339,1419,7,0,85,3,13971,5447,33,1,276,13,3510,1183,9,0,15,4,30315,13.85978263,100.6995012
53,10/30/2023,ปากซอยเลียบคลองสอง 28,เลียบคลองสอง,3327,1340,8,0,32,2,11745,5368,24,2,462,22,2941,1253,10,0,36,3,26575,13.86132843,100.7169544
54,10/30/2023,ปากซอยจรัญสนิทวงศ์ 29,จรัญสนิทวงศ์,5958,1257,107,6,37,185,21026,7167,513,6,269,450,5340,1434,128,0,36,83,44002,13.86154385,100.7177837
55,10/31/2023,หน้าบิ๊กซีหนองจอก,เลียบวารี,2444,1627,14,4,23,1,8003,6748,58,14,451,8,2328,1700,79,4,83,0,23589,13.85575043,100.8544779
56,10/31/2023,ปากซอยเลียบวารี 11,เลียบวารี,2718,1485,31,8,76,0,7460,5411,84,9,503,7,2202,1307,92,5,65,0,21463,13.85538421,100.847078
57,10/31/2023,ปากซอยเลียบวารี 55,เลียบวารี,1738,1145,29,2,37,1,5729,3371,89,11,218,6,1705,764,86,4,48,0,14983,13.85307027,100.8220143
1,9/1/2023,ไฟฉาย,จรัญสนิทวงศ์,5703,1195,119,0,35,87,21563,6961,401,1,281,251,5455,1832,76,0,31,55,44046,13.754797,100.469489
2,9/1/2023,ไฟฉาย,พรานนก - กาญจนาภิเษก,3255,823,36,3,4,10,9383,2915,130,19,105,56,2639,796,26,7,13,16,20236,13.754797,100.469489
3,9/1/2023,ไฟฉาย,พรานนก,2461,770,33,2,9,33,8528,3171,149,10,87,157,2089,697,43,3,7,44,18293,13.754797,100.469489
4,9/4/2023,ชักพระ ,ชัยพฤกษ์,1138,403,20,0,5,11,5928,1734,32,0,47,37,1753,514,9,0,7,14,11652,13.781519,100.464786
5,9/4/2023,ชักพระ ,ชักพระ,339,111,40,0,5,4,1249,453,112,0,27,18,336,136,20,0,2,3,2855,13.781519,100.464786
6,9/5/2023,เลียบทางรถไฟสายใต้ - ฉิมพลี,ฉิมพลี,1266,466,29,0,10,9,3197,1412,137,0,54,28,987,425,29,0,8,3,8060,13.779394,100.452021
7,9/5/2023,เลียบทางรถไฟสายใต้ - ฉิมพลี,เลียบทางรถไฟสายใต้,1592,441,2,2,17,5,4290,1679,5,0,153,18,1349,454,2,0,14,2,10025,13.779394,100.452021
8,9/6/2023,โพธิ์สามต้น,อิสรภาพ,2583,584,46,0,13,208,6522,2051,202,0,95,802,1956,623,54,0,10,180,15929,13.740439,100.483894
9,9/6/2023,โพธิ์สามต้น,วังเดิม,565,108,19,0,6,32,2223,605,74,0,78,108,617,125,23,0,6,32,4621,13.740439,100.483894
10,9/7/2023,อรุณอมรินทร์ - วังเดิม,อรุณอมรินทร์,2067,420,39,0,10,67,7247,1855,120,0,56,305,1840,493,25,0,6,50,14600,13.742167,100.487561
11,9/7/2023,อรุณอมรินทร์ - วังเดิม,วังเดิม,929,208,21,0,10,42,3313,859,47,1,32,151,658,215,11,0,1,41,6539,13.742167,100.487561
12,9/8/2023,สวนผัก - ชัยพฤกษ์,ชัยพฤกษ์,526,187,3,0,6,0,1569,888,10,0,53,2,767,266,0,1,3,2,4283,13.791657,100.463482
13,9/8/2023,สวนผัก - ชัยพฤกษ์,สวนผัก,296,170,0,0,2,1,1194,619,6,0,14,6,288,147,0,0,1,2,2746,13.791657,100.463482
14,9/8/2023,สวนผัก - ชัยพฤกษ์,ชัยพฤกษ์ 18,14,9,0,0,0,0,35,21,0,0,1,0,10,8,0,0,0,0,98,13.791657,100.463482
15,9/11/2023,เพชรเกษม 69,เพชรเกษม 69,1529,508,17,0,29,9,6066,2320,53,0,186,22,1559,667,15,0,23,7,13010,13.708045,100.373836
16,9/11/2023,เพชรเกษม 69,เพชรเกษม 102/4,24,12,0,0,2,0,56,52,0,0,6,0,20,10,0,0,2,0,184,13.708045,100.373836
17,9/11/2023,เพชรเกษม 69,เพขรเกษม,6833,2215,170,0,283,7,21026,13977,797,0,2675,30,5860,2983,220,0,288,11,57375,13.708045,100.373836
18,9/12/2023,สุขุมวิท 42,สุขุมวิท 42,1400,397,32,7,21,6,5094,1847,120,17,255,53,1109,435,28,2,20,7,10850,13.719548,100.585058
19,9/12/2023,สุขุมวิท 42,สุขุมวิท,4169,1290,155,10,28,36,12984,5356,573,69,358,43,3571,1400,151,15,37,11,30256,13.719548,100.585058
20,9/13/2023,นิมิตใหม่ 4 - 6,นิมิตใหม่,4425,2060,5,4,617,0,11950,7385,18,13,4744,0,3126,1772,3,3,777,0,36902,13.82471,100.740375
21,9/13/2023,หทัยราษฎร์ - สุวินทวงศ์,หทัยราษฎร์,1834,841,5,0,7,1,3550,2621,7,0,323,4,830,710,2,0,75,1,10811,13.816697,100.722187
22,9/13/2023,หทัยราษฎร์ - สุวินทวงศ์,สุวินทวงศ์,7817,3831,104,4,107,12,30031,19601,333,18,2748,68,7807,4855,112,6,569,14,78037,13.816697,100.722187
23,9/14/2023,ทางข้ามโรงเรียนบางบัว,พหลโยธิน,8184,1514,186,0,82,13,23166,6635,716,0,680,41,6048,1365,155,0,69,11,48865,13.857289,100.585521
24,9/14/2023,ทางข้ามโรงเรียนบางบัว,เลียบคลองบางเขน,800,145,0,0,1,3,2747,1205,0,0,131,5,553,214,0,0,5,1,5810,13.857289,100.585521
25,9/14/2023,เสนานิคม 1 ซอย 8,เสนานิคม 1 ซอย 8,286,41,0,0,0,3,496,141,0,0,3,2,252,95,0,0,0,0,1319,13.833875,100.575606
26,9/14/2023,เสนานิคม 1 ซอย 8,เสนานิคม 1,2510,537,0,0,18,322,7275,2065,12,0,78,775,1938,455,0,0,6,176,16167,13.833875,100.575606
27,9/15/2023,อุรุพงษ์,พระรามที่ 6,5093,1025,9,0,24,92,20820,7800,118,4,307,649,4985,1842,30,1,55,112,42966,13.756144,100.523478
28,9/15/2023,อุรุพงษ์,เพชรบุรี,5496,962,173,3,34,94,17703,4759,689,9,208,525,4576,1081,179,2,9,105,36607,13.756144,100.523478
29,9/18/2023,ปากซอยลาดพร้าว 15,ลาดพร้าว 15,302,79,0,0,1,2,1080,418,0,0,9,11,173,64,0,0,1,4,2144,13.807908,100.570489
30,9/18/2023,ปากซอยลาดพร้าว 15,ลาดพร้าว ,5104,756,143,0,12,13,21416,5304,698,5,82,73,5398,1465,194,1,11,16,40691,13.807908,100.570489
31,9/19/2023,ทางข้าม รร.ผ่องพลอยอนุสรณ์,ลาซาล 55,1970,465,4,2,9,1,4325,2242,7,5,90,10,1362,425,2,1,11,2,10933,13.661233,100.630128
32,9/19/2023,ผ่องพลอย,ลาซาล 46,55,15,0,0,1,0,127,65,0,0,4,3,34,18,0,0,0,1,323,13.659475,100.629804
33,9/19/2023,ผ่องพลอย,ลาซาล 55,881,243,0,0,5,3,2103,788,0,0,23,3,663,185,0,0,1,0,4898,13.659475,100.629804
34,9/19/2023,ผ่องพลอย,ลาซาล,2970,668,4,2,29,14,9816,3023,21,6,122,21,2622,920,7,4,14,7,20270,13.659475,100.629804
35,9/20/2023,พุทธมณฑลสาย 2,เพชรเกษม 55,65,18,0,0,1,2,223,88,0,0,4,2,55,18,0,0,0,1,477,13.709774,100.39589
36,9/20/2023,พุทธมณฑลสาย 2,พุทธมณฑลสาย 2,1181,335,47,0,21,2,5690,1732,220,0,297,22,1367,372,33,0,17,6,11342,13.709774,100.39589
37,9/20/2023,พุทธมณฑลสาย 2,เพชรเกษม,10035,3649,218,0,424,64,29387,16782,841,0,3310,215,7150,3701,153,0,500,50,76479,13.709774,100.39589
38,9/20/2023,หน้าสวนอาหารปีกไม้,พุทธมณฑลสาย 2,2410,851,77,0,26,7,9108,4132,305,0,449,54,2433,943,66,0,43,12,20916,13.713806,100.395892
39,9/21/2023,หน้าเซเว่นหน้าวัดปากน้ำ,รัชมงคลประสาธน์ 10,177,60,0,0,1,14,861,325,0,0,2,63,126,106,0,0,1,18,1754,13.721683,100.468294
40,9/21/2023,หน้าเซเว่นหน้าวัดปากน้ำ,รัชมงคลประสาธน์ ,221,74,0,0,1,6,669,230,0,0,4,58,169,43,0,0,1,12,1488,13.721683,100.468294
41,9/21/2023,วัดนาคปรก,รัชมงคลประสาธน์,288,123,6,0,13,17,1004,413,32,3,45,62,267,114,10,0,3,14,2414,13.718794,100.466819
42,9/21/2023,วัดนาคปรก,เทอดไท,909,254,19,1,4,13,2355,849,51,3,39,27,776,263,19,1,5,11,5599,13.718794,100.466819
43,9/22/2023,ทางข้ามหน้าทำเนียบรัฐบาล,พิษณุโลก,2615,690,73,0,8,22,8613,2187,248,0,19,50,2579,673,56,0,2,13,17848,13.76415649,100.512434
44,9/22/2023,ปากซอยนครสวรรค์ 3,นครสวรรค์,3881,934,28,1,10,24,13033,4664,152,4,101,123,3779,1770,32,1,34,35,28606,13.75902625,100.510828
45,9/25/2023,ตลาดวงศกร,ทางเข้าออกตลาดวงศกร,258,129,0,0,2,0,790,393,0,0,3,2,82,57,0,0,0,0,1716,13.921462,100.683786
46,9/25/2023,ตลาดวงศกร,เฉลิมพงษ์,689,444,0,0,21,0,2559,1401,0,0,51,1,699,326,0,0,3,0,6194,13.921462,100.683786
47,9/25/2023,ตลาดวงศกร,สายไหม,2220,792,5,4,50,4,7072,4010,31,13,603,18,1812,836,8,2,30,3,17513,13.921462,100.683786
48,9/26/2023,ผ่านภิภพลีลา,ราชดำเนินใน,909,306,94,21,14,28,7820,2697,565,84,128,401,1744,512,103,15,18,55,15514,13.757028,100.494786
49,9/26/2023,ผ่านภิภพลีลา,สมเด็จพระปิ่นเกล้า,8188,1564,161,13,26,65,18125,6257,698,17,338,421,3721,1426,162,2,20,85,41289,13.757028,100.494786
50,9/26/2023,ผ่านภิภพลีลา,ราชดำเนินกลาง,2487,681,228,0,81,108,16394,5885,916,3,413,916,3923,1276,184,0,8,146,33649,13.757028,100.494786
51,9/26/2023,ผ่านภิภพลีลา,จักรพงษ์,414,154,72,0,6,52,1776,598,306,0,45,197,478,103,66,0,3,29,4299,13.757028,100.494786
52,9/27/2023,จักรพรรดิพงษ์,นครสวรรค์,3040,538,7,0,18,16,8364,2268,36,0,78,227,1628,450,19,1,4,56,16750,13.758253,100.509514
53,9/27/2023,จักรพรรดิพงษ์,จักรพรรดิพงษ์,3969,854,15,0,11,61,13161,3820,56,0,143,228,2355,667,6,0,4,39,25389,13.758253,100.509514
54,9/28/2023,ด่วนกำแพงเพชร,เจษฎา,330,111,35,0,4,5,971,360,112,0,8,9,234,128,28,0,1,1,2337,13.797831,100.541208
55,9/28/2023,ด่วนกำแพงเพชร,กำแพงเพชร,8015,1643,91,5,58,44,27282,6964,301,29,244,229,6828,1620,95,3,13,46,53510,13.797831,100.541208
56,9/29/2023,เฉลิมบุรี,ทรงสวัสดิ์,224,146,0,0,14,64,1853,1427,0,0,45,458,539,343,0,0,10,212,5335,13.739439,100.511464
57,9/29/2023,เฉลิมบุรี,เยาวราช,1617,357,73,13,4,74,7835,2081,231,92,39,523,1830,492,84,45,16,283,15689,13.739439,100.511464
58,9/29/2023,แปลงนาม,แปลงนาม,77,32,0,0,4,23,886,313,0,0,17,83,60,30,0,0,0,12,1537,13.741861,100.510444
59,9/29/2023,แปลงนาม,พลับพลาไชย,125,28,0,2,5,39,1072,345,0,3,14,259,123,79,0,0,0,18,2112,13.741861,100.510444
60,9/29/2023,แปลงนาม,เจริญกรุง,2039,380,47,18,6,65,9242,2469,338,48,31,416,2191,543,81,17,5,54,17990,13.741861,100.510444
